Method,Job,AnalyzeLaunchVariance,EvaluateOverhead,MaxAbsoluteError,MaxRelativeError,MinInvokeCount,MinIterationTime,OutlierMode,Affinity,EnvironmentVariables,Jit,Platform,PowerPlanMode,Runtime,AllowVeryLargeObjects,Concurrent,CpuGroups,Force,HeapAffinitizeMask,HeapCount,NoAffinitize,RetainVm,Server,Arguments,BuildConfiguration,Clock,EngineFactory,NuGetReferences,Toolchain,IsMutator,InvocationCount,IterationCount,IterationTime,LaunchCount,MaxIterationCount,MaxWarmupIterationCount,MemoryRandomization,MinIterationCount,MinWarmupIterationCount,RunStrategy,UnrollFactor,WarmupCount,Namespace,Categories,Count,Mean,Error,StdDev,StdErr,Min,Q1,Median,Q3,Max,Op/s,CI99.9% Margin,Iterations,Kurtosis,MValue,Skewness,Rank,LogicalGroup,Baseline,Gen 0,Gen 1,Gen 2,Allocated,Code Size
'ListHashCode:Read Only',Job-PVYZXO,False,True,Default,Default,Default,Default,Default,1111,Empty,RyuJit,X64,8c5e7fda-e8bf-4a96-9a85-a6e23a8c635c,.NET 5.0,False,True,False,True,Default,Default,False,False,True,Default,Default,Default,Default,Default,.NET 5.0,Default,1,Default,Default,Default,Default,Default,Default,Default,Default,Default,16,Default,dotNetTips.Spargine.Extensions.BenchmarkTests,ListExtensions,10,854.47 ns,4.453 ns,3.719 ns,1.031 ns,845.48 ns,853.31 ns,854.57 ns,855.30 ns,860.37 ns,"1,170,313.7",4.4531 ns,13.00,3.609,2.000,-0.5135,43,*,No,0.0219,0.0000,0.0000,208 B,780 B
'ListHashCode:Read Only',Job-PVYZXO,False,True,Default,Default,Default,Default,Default,1111,Empty,RyuJit,X64,8c5e7fda-e8bf-4a96-9a85-a6e23a8c635c,.NET 5.0,False,True,False,True,Default,Default,False,False,True,Default,Default,Default,Default,Default,.NET 5.0,Default,1,Default,Default,Default,Default,Default,Default,Default,Default,Default,16,Default,dotNetTips.Spargine.Extensions.BenchmarkTests,ListExtensions,25,"1,892.41 ns",5.134 ns,4.287 ns,1.189 ns,"1,886.75 ns","1,889.93 ns","1,892.72 ns","1,894.32 ns","1,902.96 ns","528,427.9",5.1336 ns,13.00,3.332,2.000,0.7934,49,*,No,0.0210,0.0000,0.0000,208 B,780 B
'ListHashCode:Read Only',Job-PVYZXO,False,True,Default,Default,Default,Default,Default,1111,Empty,RyuJit,X64,8c5e7fda-e8bf-4a96-9a85-a6e23a8c635c,.NET 5.0,False,True,False,True,Default,Default,False,False,True,Default,Default,Default,Default,Default,.NET 5.0,Default,1,Default,Default,Default,Default,Default,Default,Default,Default,Default,16,Default,dotNetTips.Spargine.Extensions.BenchmarkTests,ListExtensions,50,"3,854.43 ns",9.691 ns,9.065 ns,2.341 ns,"3,840.78 ns","3,846.87 ns","3,853.60 ns","3,861.90 ns","3,872.14 ns","259,441.7",9.6912 ns,15.00,1.874,2.000,0.2770,54,*,No,0.0229,0.0000,0.0000,208 B,780 B
'ListHashCode:Read Only',Job-PVYZXO,False,True,Default,Default,Default,Default,Default,1111,Empty,RyuJit,X64,8c5e7fda-e8bf-4a96-9a85-a6e23a8c635c,.NET 5.0,False,True,False,True,Default,Default,False,False,True,Default,Default,Default,Default,Default,.NET 5.0,Default,1,Default,Default,Default,Default,Default,Default,Default,Default,Default,16,Default,dotNetTips.Spargine.Extensions.BenchmarkTests,ListExtensions,100,"7,824.97 ns",71.149 ns,66.552 ns,17.184 ns,"7,731.68 ns","7,762.92 ns","7,825.66 ns","7,877.58 ns","7,929.47 ns","127,796.1",71.1485 ns,15.00,1.461,2.000,0.1171,58,*,No,0.0153,0.0000,0.0000,208 B,780 B
'ListHashCode:Read Only',Job-PVYZXO,False,True,Default,Default,Default,Default,Default,1111,Empty,RyuJit,X64,8c5e7fda-e8bf-4a96-9a85-a6e23a8c635c,.NET 5.0,False,True,False,True,Default,Default,False,False,True,Default,Default,Default,Default,Default,.NET 5.0,Default,1,Default,Default,Default,Default,Default,Default,Default,Default,Default,16,Default,dotNetTips.Spargine.Extensions.BenchmarkTests,ListExtensions,250,"19,758.94 ns",71.559 ns,55.868 ns,16.128 ns,"19,701.91 ns","19,713.73 ns","19,743.46 ns","19,784.92 ns","19,868.20 ns","50,610.0",71.5586 ns,12.00,1.990,2.000,0.7361,62,*,No,0.0000,0.0000,0.0000,208 B,780 B
'ListHashCode:Read Only',Job-PVYZXO,False,True,Default,Default,Default,Default,Default,1111,Empty,RyuJit,X64,8c5e7fda-e8bf-4a96-9a85-a6e23a8c635c,.NET 5.0,False,True,False,True,Default,Default,False,False,True,Default,Default,Default,Default,Default,.NET 5.0,Default,1,Default,Default,Default,Default,Default,Default,Default,Default,Default,16,Default,dotNetTips.Spargine.Extensions.BenchmarkTests,ListExtensions,500,"40,693.30 ns",395.807 ns,370.238 ns,95.595 ns,"40,125.73 ns","40,218.82 ns","40,938.29 ns","40,950.44 ns","40,963.32 ns","24,574.1",395.8069 ns,15.00,1.335,2.000,-0.6441,65,*,No,0.0000,0.0000,0.0000,208 B,780 B
'ListHashCode:Read Only',Job-PVYZXO,False,True,Default,Default,Default,Default,Default,1111,Empty,RyuJit,X64,8c5e7fda-e8bf-4a96-9a85-a6e23a8c635c,.NET 5.0,False,True,False,True,Default,Default,False,False,True,Default,Default,Default,Default,Default,.NET 5.0,Default,1,Default,Default,Default,Default,Default,Default,Default,Default,Default,16,Default,dotNetTips.Spargine.Extensions.BenchmarkTests,ListExtensions,1000,"82,251.23 ns",946.817 ns,885.653 ns,228.675 ns,"80,848.38 ns","81,680.58 ns","82,239.47 ns","82,897.14 ns","83,633.35 ns","12,157.9",946.8165 ns,15.00,1.688,2.000,-0.1368,69,*,No,0.0000,0.0000,0.0000,208 B,780 B
'Shuffle: With Count',Job-PVYZXO,False,True,Default,Default,Default,Default,Default,1111,Empty,RyuJit,X64,8c5e7fda-e8bf-4a96-9a85-a6e23a8c635c,.NET 5.0,False,True,False,True,Default,Default,False,False,True,Default,Default,Default,Default,Default,.NET 5.0,Default,1,Default,Default,Default,Default,Default,Default,Default,Default,Default,16,Default,dotNetTips.Spargine.Extensions.BenchmarkTests,ListExtensions,10,56.75 ns,0.209 ns,0.195 ns,0.050 ns,56.30 ns,56.68 ns,56.77 ns,56.90 ns,56.97 ns,"17,620,946.9",0.2088 ns,15.00,2.569,2.000,-0.7473,17,*,No,0.0097,0.0000,0.0000,88 B,303 B
'Shuffle: With Count',Job-PVYZXO,False,True,Default,Default,Default,Default,Default,1111,Empty,RyuJit,X64,8c5e7fda-e8bf-4a96-9a85-a6e23a8c635c,.NET 5.0,False,True,False,True,Default,Default,False,False,True,Default,Default,Default,Default,Default,.NET 5.0,Default,1,Default,Default,Default,Default,Default,Default,Default,Default,Default,16,Default,dotNetTips.Spargine.Extensions.BenchmarkTests,ListExtensions,25,57.51 ns,0.156 ns,0.139 ns,0.037 ns,57.19 ns,57.42 ns,57.51 ns,57.58 ns,57.72 ns,"17,388,599.9",0.1563 ns,14.00,2.751,2.000,-0.4478,18,*,No,0.0097,0.0000,0.0000,88 B,303 B
'Shuffle: With Count',Job-PVYZXO,False,True,Default,Default,Default,Default,Default,1111,Empty,RyuJit,X64,8c5e7fda-e8bf-4a96-9a85-a6e23a8c635c,.NET 5.0,False,True,False,True,Default,Default,False,False,True,Default,Default,Default,Default,Default,.NET 5.0,Default,1,Default,Default,Default,Default,Default,Default,Default,Default,Default,16,Default,dotNetTips.Spargine.Extensions.BenchmarkTests,ListExtensions,50,56.09 ns,0.198 ns,0.175 ns,0.047 ns,55.56 ns,56.10 ns,56.13 ns,56.18 ns,56.27 ns,"17,828,398.4",0.1977 ns,14.00,6.089,2.000,-1.8689,17,*,No,0.0096,0.0000,0.0000,88 B,303 B
'Shuffle: With Count',Job-PVYZXO,False,True,Default,Default,Default,Default,Default,1111,Empty,RyuJit,X64,8c5e7fda-e8bf-4a96-9a85-a6e23a8c635c,.NET 5.0,False,True,False,True,Default,Default,False,False,True,Default,Default,Default,Default,Default,.NET 5.0,Default,1,Default,Default,Default,Default,Default,Default,Default,Default,Default,16,Default,dotNetTips.Spargine.Extensions.BenchmarkTests,ListExtensions,100,56.07 ns,0.136 ns,0.128 ns,0.033 ns,55.85 ns,56.00 ns,56.06 ns,56.17 ns,56.23 ns,"17,835,295.6",0.1365 ns,15.00,1.620,2.000,-0.2740,17,*,No,0.0096,0.0000,0.0000,88 B,303 B
'Shuffle: With Count',Job-PVYZXO,False,True,Default,Default,Default,Default,Default,1111,Empty,RyuJit,X64,8c5e7fda-e8bf-4a96-9a85-a6e23a8c635c,.NET 5.0,False,True,False,True,Default,Default,False,False,True,Default,Default,Default,Default,Default,.NET 5.0,Default,1,Default,Default,Default,Default,Default,Default,Default,Default,Default,16,Default,dotNetTips.Spargine.Extensions.BenchmarkTests,ListExtensions,250,55.67 ns,0.102 ns,0.090 ns,0.024 ns,55.54 ns,55.60 ns,55.68 ns,55.75 ns,55.79 ns,"17,961,944.4",0.1016 ns,14.00,1.346,2.000,-0.1731,17,*,No,0.0097,0.0000,0.0000,88 B,303 B
'Shuffle: With Count',Job-PVYZXO,False,True,Default,Default,Default,Default,Default,1111,Empty,RyuJit,X64,8c5e7fda-e8bf-4a96-9a85-a6e23a8c635c,.NET 5.0,False,True,False,True,Default,Default,False,False,True,Default,Default,Default,Default,Default,.NET 5.0,Default,1,Default,Default,Default,Default,Default,Default,Default,Default,Default,16,Default,dotNetTips.Spargine.Extensions.BenchmarkTests,ListExtensions,500,56.26 ns,0.457 ns,0.405 ns,0.108 ns,55.34 ns,55.99 ns,56.32 ns,56.60 ns,56.74 ns,"17,774,047.6",0.4568 ns,14.00,2.402,2.000,-0.7071,17,*,No,0.0096,0.0000,0.0000,88 B,303 B
'Shuffle: With Count',Job-PVYZXO,False,True,Default,Default,Default,Default,Default,1111,Empty,RyuJit,X64,8c5e7fda-e8bf-4a96-9a85-a6e23a8c635c,.NET 5.0,False,True,False,True,Default,Default,False,False,True,Default,Default,Default,Default,Default,.NET 5.0,Default,1,Default,Default,Default,Default,Default,Default,Default,Default,Default,16,Default,dotNetTips.Spargine.Extensions.BenchmarkTests,ListExtensions,1000,59.15 ns,0.635 ns,0.594 ns,0.153 ns,58.40 ns,58.62 ns,59.19 ns,59.51 ns,60.40 ns,"16,906,047.1",0.6345 ns,15.00,2.022,2.000,0.3217,19,*,No,0.0091,0.0000,0.0000,88 B,303 B
AddLast,Job-PVYZXO,False,True,Default,Default,Default,Default,Default,1111,Empty,RyuJit,X64,8c5e7fda-e8bf-4a96-9a85-a6e23a8c635c,.NET 5.0,False,True,False,True,Default,Default,False,False,True,Default,Default,Default,Default,Default,.NET 5.0,Default,1,Default,Default,Default,Default,Default,Default,Default,Default,Default,16,Default,dotNetTips.Spargine.Extensions.BenchmarkTests,ListExtensions,10,104.38 ns,0.259 ns,0.229 ns,0.061 ns,103.91 ns,104.31 ns,104.46 ns,104.50 ns,104.64 ns,"9,580,199.5",0.2588 ns,14.00,2.844,2.000,-1.0569,25,*,No,0.0350,0.0000,0.0000,320 B,449 B
AddLast,Job-PVYZXO,False,True,Default,Default,Default,Default,Default,1111,Empty,RyuJit,X64,8c5e7fda-e8bf-4a96-9a85-a6e23a8c635c,.NET 5.0,False,True,False,True,Default,Default,False,False,True,Default,Default,Default,Default,Default,.NET 5.0,Default,1,Default,Default,Default,Default,Default,Default,Default,Default,Default,16,Default,dotNetTips.Spargine.Extensions.BenchmarkTests,ListExtensions,25,135.20 ns,2.295 ns,1.916 ns,0.532 ns,131.90 ns,135.19 ns,135.32 ns,136.46 ns,138.00 ns,"7,396,240.7",2.2950 ns,13.00,2.042,2.000,-0.4518,29,*,No,0.0751,0.0000,0.0000,680 B,449 B
AddLast,Job-PVYZXO,False,True,Default,Default,Default,Default,Default,1111,Empty,RyuJit,X64,8c5e7fda-e8bf-4a96-9a85-a6e23a8c635c,.NET 5.0,False,True,False,True,Default,Default,False,False,True,Default,Default,Default,Default,Default,.NET 5.0,Default,1,Default,Default,Default,Default,Default,Default,Default,Default,Default,16,Default,dotNetTips.Spargine.Extensions.BenchmarkTests,ListExtensions,50,184.85 ns,1.518 ns,1.420 ns,0.367 ns,182.50 ns,183.99 ns,184.53 ns,185.91 ns,187.64 ns,"5,409,759.7",1.5181 ns,15.00,2.048,2.000,0.2539,30,*,No,0.1445,0.0002,0.0000,"1,280 B",449 B
AddLast,Job-PVYZXO,False,True,Default,Default,Default,Default,Default,1111,Empty,RyuJit,X64,8c5e7fda-e8bf-4a96-9a85-a6e23a8c635c,.NET 5.0,False,True,False,True,Default,Default,False,False,True,Default,Default,Default,Default,Default,.NET 5.0,Default,1,Default,Default,Default,Default,Default,Default,Default,Default,Default,16,Default,dotNetTips.Spargine.Extensions.BenchmarkTests,ListExtensions,100,292.24 ns,1.148 ns,0.959 ns,0.266 ns,289.44 ns,292.17 ns,292.55 ns,292.79 ns,293.13 ns,"3,421,825.3",1.1483 ns,13.00,5.786,2.000,-1.8533,33,*,No,0.2766,0.0010,0.0000,"2,480 B",449 B
AddLast,Job-PVYZXO,False,True,Default,Default,Default,Default,Default,1111,Empty,RyuJit,X64,8c5e7fda-e8bf-4a96-9a85-a6e23a8c635c,.NET 5.0,False,True,False,True,Default,Default,False,False,True,Default,Default,Default,Default,Default,.NET 5.0,Default,1,Default,Default,Default,Default,Default,Default,Default,Default,Default,16,Default,dotNetTips.Spargine.Extensions.BenchmarkTests,ListExtensions,250,607.72 ns,1.878 ns,1.665 ns,0.445 ns,603.71 ns,606.83 ns,607.76 ns,609.06 ns,609.82 ns,"1,645,495.4",1.8778 ns,14.00,2.868,2.000,-0.7425,39,*,No,0.6952,0.0076,0.0000,"6,080 B",449 B
AddLast,Job-PVYZXO,False,True,Default,Default,Default,Default,Default,1111,Empty,RyuJit,X64,8c5e7fda-e8bf-4a96-9a85-a6e23a8c635c,.NET 5.0,False,True,False,True,Default,Default,False,False,True,Default,Default,Default,Default,Default,.NET 5.0,Default,1,Default,Default,Default,Default,Default,Default,Default,Default,Default,16,Default,dotNetTips.Spargine.Extensions.BenchmarkTests,ListExtensions,500,"1,145.02 ns",10.643 ns,9.955 ns,2.570 ns,"1,118.91 ns","1,140.51 ns","1,147.64 ns","1,150.83 ns","1,157.07 ns","873,345.8",10.6429 ns,15.00,3.634,2.000,-1.0453,45,*,No,1.3332,0.0076,0.0000,"12,080 B",449 B
AddLast,Job-PVYZXO,False,True,Default,Default,Default,Default,Default,1111,Empty,RyuJit,X64,8c5e7fda-e8bf-4a96-9a85-a6e23a8c635c,.NET 5.0,False,True,False,True,Default,Default,False,False,True,Default,Default,Default,Default,Default,.NET 5.0,Default,1,Default,Default,Default,Default,Default,Default,Default,Default,Default,16,Default,dotNetTips.Spargine.Extensions.BenchmarkTests,ListExtensions,1000,"2,161.12 ns",13.594 ns,10.613 ns,3.064 ns,"2,132.20 ns","2,157.51 ns","2,163.01 ns","2,167.47 ns","2,172.81 ns","462,723.8",13.5939 ns,12.00,4.811,2.000,-1.4816,50,*,No,2.6817,0.1030,0.0000,"24,080 B",449 B
AreEqual,Job-PVYZXO,False,True,Default,Default,Default,Default,Default,1111,Empty,RyuJit,X64,8c5e7fda-e8bf-4a96-9a85-a6e23a8c635c,.NET 5.0,False,True,False,True,Default,Default,False,False,True,Default,Default,Default,Default,Default,.NET 5.0,Default,1,Default,Default,Default,Default,Default,Default,Default,Default,Default,16,Default,dotNetTips.Spargine.Extensions.BenchmarkTests,ListExtensions,10,10.97 ns,0.079 ns,0.070 ns,0.019 ns,10.85 ns,10.95 ns,10.96 ns,11.00 ns,11.09 ns,"91,156,047.4",0.0787 ns,14.00,2.012,2.000,0.1491,1,*,No,0.0000,0.0000,0.0000,0 B,698 B
AreEqual,Job-PVYZXO,False,True,Default,Default,Default,Default,Default,1111,Empty,RyuJit,X64,8c5e7fda-e8bf-4a96-9a85-a6e23a8c635c,.NET 5.0,False,True,False,True,Default,Default,False,False,True,Default,Default,Default,Default,Default,.NET 5.0,Default,1,Default,Default,Default,Default,Default,Default,Default,Default,Default,16,Default,dotNetTips.Spargine.Extensions.BenchmarkTests,ListExtensions,25,11.49 ns,0.039 ns,0.035 ns,0.009 ns,11.43 ns,11.46 ns,11.50 ns,11.50 ns,11.55 ns,"87,021,424.6",0.0394 ns,14.00,2.043,2.000,-0.0866,3,*,No,0.0000,0.0000,0.0000,0 B,698 B
AreEqual,Job-PVYZXO,False,True,Default,Default,Default,Default,Default,1111,Empty,RyuJit,X64,8c5e7fda-e8bf-4a96-9a85-a6e23a8c635c,.NET 5.0,False,True,False,True,Default,Default,False,False,True,Default,Default,Default,Default,Default,.NET 5.0,Default,1,Default,Default,Default,Default,Default,Default,Default,Default,Default,16,Default,dotNetTips.Spargine.Extensions.BenchmarkTests,ListExtensions,50,11.22 ns,0.040 ns,0.031 ns,0.009 ns,11.14 ns,11.22 ns,11.23 ns,11.24 ns,11.26 ns,"89,105,426.7",0.0399 ns,12.00,4.236,2.000,-1.3593,2,*,No,0.0000,0.0000,0.0000,0 B,698 B
AreEqual,Job-PVYZXO,False,True,Default,Default,Default,Default,Default,1111,Empty,RyuJit,X64,8c5e7fda-e8bf-4a96-9a85-a6e23a8c635c,.NET 5.0,False,True,False,True,Default,Default,False,False,True,Default,Default,Default,Default,Default,.NET 5.0,Default,1,Default,Default,Default,Default,Default,Default,Default,Default,Default,16,Default,dotNetTips.Spargine.Extensions.BenchmarkTests,ListExtensions,100,11.08 ns,0.102 ns,0.096 ns,0.025 ns,10.92 ns,11.01 ns,11.07 ns,11.14 ns,11.27 ns,"90,221,812.8",0.1024 ns,15.00,2.088,2.000,0.2381,1,*,No,0.0000,0.0000,0.0000,0 B,698 B
AreEqual,Job-PVYZXO,False,True,Default,Default,Default,Default,Default,1111,Empty,RyuJit,X64,8c5e7fda-e8bf-4a96-9a85-a6e23a8c635c,.NET 5.0,False,True,False,True,Default,Default,False,False,True,Default,Default,Default,Default,Default,.NET 5.0,Default,1,Default,Default,Default,Default,Default,Default,Default,Default,Default,16,Default,dotNetTips.Spargine.Extensions.BenchmarkTests,ListExtensions,250,11.09 ns,0.044 ns,0.035 ns,0.010 ns,11.00 ns,11.08 ns,11.10 ns,11.12 ns,11.13 ns,"90,164,771.5",0.0443 ns,12.00,3.866,2.000,-1.3349,1,*,No,0.0000,0.0000,0.0000,0 B,698 B
AreEqual,Job-PVYZXO,False,True,Default,Default,Default,Default,Default,1111,Empty,RyuJit,X64,8c5e7fda-e8bf-4a96-9a85-a6e23a8c635c,.NET 5.0,False,True,False,True,Default,Default,False,False,True,Default,Default,Default,Default,Default,.NET 5.0,Default,1,Default,Default,Default,Default,Default,Default,Default,Default,Default,16,Default,dotNetTips.Spargine.Extensions.BenchmarkTests,ListExtensions,500,11.06 ns,0.062 ns,0.052 ns,0.014 ns,10.91 ns,11.06 ns,11.06 ns,11.07 ns,11.12 ns,"90,407,560.7",0.0624 ns,13.00,5.620,2.000,-1.5988,1,*,No,0.0000,0.0000,0.0000,0 B,698 B
AreEqual,Job-PVYZXO,False,True,Default,Default,Default,Default,Default,1111,Empty,RyuJit,X64,8c5e7fda-e8bf-4a96-9a85-a6e23a8c635c,.NET 5.0,False,True,False,True,Default,Default,False,False,True,Default,Default,Default,Default,Default,.NET 5.0,Default,1,Default,Default,Default,Default,Default,Default,Default,Default,Default,16,Default,dotNetTips.Spargine.Extensions.BenchmarkTests,ListExtensions,1000,11.06 ns,0.032 ns,0.028 ns,0.008 ns,10.99 ns,11.05 ns,11.07 ns,11.07 ns,11.10 ns,"90,415,794.0",0.0318 ns,14.00,3.832,2.000,-1.0996,1,*,No,0.0000,0.0000,0.0000,0 B,698 B
ClearNulls,Job-PVYZXO,False,True,Default,Default,Default,Default,Default,1111,Empty,RyuJit,X64,8c5e7fda-e8bf-4a96-9a85-a6e23a8c635c,.NET 5.0,False,True,False,True,Default,Default,False,False,True,Default,Default,Default,Default,Default,.NET 5.0,Default,1,Default,Default,Default,Default,Default,Default,Default,Default,Default,16,Default,dotNetTips.Spargine.Extensions.BenchmarkTests,ListExtensions,10,44.18 ns,0.260 ns,0.218 ns,0.060 ns,43.65 ns,44.15 ns,44.19 ns,44.31 ns,44.54 ns,"22,632,972.1",0.2605 ns,13.00,3.556,2.000,-0.8163,15,*,No,0.0000,0.0000,0.0000,0 B,635 B
ClearNulls,Job-PVYZXO,False,True,Default,Default,Default,Default,Default,1111,Empty,RyuJit,X64,8c5e7fda-e8bf-4a96-9a85-a6e23a8c635c,.NET 5.0,False,True,False,True,Default,Default,False,False,True,Default,Default,Default,Default,Default,.NET 5.0,Default,1,Default,Default,Default,Default,Default,Default,Default,Default,Default,16,Default,dotNetTips.Spargine.Extensions.BenchmarkTests,ListExtensions,25,83.01 ns,0.146 ns,0.137 ns,0.035 ns,82.81 ns,82.90 ns,83.02 ns,83.12 ns,83.22 ns,"12,046,197.2",0.1462 ns,15.00,1.325,2.000,0.0583,23,*,No,0.0000,0.0000,0.0000,0 B,635 B
ClearNulls,Job-PVYZXO,False,True,Default,Default,Default,Default,Default,1111,Empty,RyuJit,X64,8c5e7fda-e8bf-4a96-9a85-a6e23a8c635c,.NET 5.0,False,True,False,True,Default,Default,False,False,True,Default,Default,Default,Default,Default,.NET 5.0,Default,1,Default,Default,Default,Default,Default,Default,Default,Default,Default,16,Default,dotNetTips.Spargine.Extensions.BenchmarkTests,ListExtensions,50,135.81 ns,2.293 ns,2.549 ns,0.585 ns,133.92 ns,134.20 ns,134.54 ns,136.78 ns,141.63 ns,"7,363,071.3",2.2931 ns,19.00,2.485,2.000,1.1147,29,*,No,0.0000,0.0000,0.0000,0 B,635 B
ClearNulls,Job-PVYZXO,False,True,Default,Default,Default,Default,Default,1111,Empty,RyuJit,X64,8c5e7fda-e8bf-4a96-9a85-a6e23a8c635c,.NET 5.0,False,True,False,True,Default,Default,False,False,True,Default,Default,Default,Default,Default,.NET 5.0,Default,1,Default,Default,Default,Default,Default,Default,Default,Default,Default,16,Default,dotNetTips.Spargine.Extensions.BenchmarkTests,ListExtensions,100,242.59 ns,2.097 ns,1.859 ns,0.497 ns,239.95 ns,241.43 ns,242.30 ns,243.20 ns,245.57 ns,"4,122,231.8",2.0971 ns,14.00,1.947,2.000,0.4069,32,*,No,0.0000,0.0000,0.0000,0 B,635 B
ClearNulls,Job-PVYZXO,False,True,Default,Default,Default,Default,Default,1111,Empty,RyuJit,X64,8c5e7fda-e8bf-4a96-9a85-a6e23a8c635c,.NET 5.0,False,True,False,True,Default,Default,False,False,True,Default,Default,Default,Default,Default,.NET 5.0,Default,1,Default,Default,Default,Default,Default,Default,Default,Default,Default,16,Default,dotNetTips.Spargine.Extensions.BenchmarkTests,ListExtensions,250,559.87 ns,1.885 ns,1.671 ns,0.447 ns,556.26 ns,558.81 ns,559.66 ns,561.35 ns,562.00 ns,"1,786,131.8",1.8854 ns,14.00,2.162,2.000,-0.4019,38,*,No,0.0000,0.0000,0.0000,0 B,635 B
ClearNulls,Job-PVYZXO,False,True,Default,Default,Default,Default,Default,1111,Empty,RyuJit,X64,8c5e7fda-e8bf-4a96-9a85-a6e23a8c635c,.NET 5.0,False,True,False,True,Default,Default,False,False,True,Default,Default,Default,Default,Default,.NET 5.0,Default,1,Default,Default,Default,Default,Default,Default,Default,Default,Default,16,Default,dotNetTips.Spargine.Extensions.BenchmarkTests,ListExtensions,500,"1,090.74 ns",19.096 ns,26.138 ns,5.126 ns,"1,063.91 ns","1,071.27 ns","1,089.66 ns","1,105.81 ns","1,182.35 ns","916,809.0",19.0956 ns,26.00,6.241,2.000,1.5784,44,*,No,0.0000,0.0000,0.0000,0 B,635 B
ClearNulls,Job-PVYZXO,False,True,Default,Default,Default,Default,Default,1111,Empty,RyuJit,X64,8c5e7fda-e8bf-4a96-9a85-a6e23a8c635c,.NET 5.0,False,True,False,True,Default,Default,False,False,True,Default,Default,Default,Default,Default,.NET 5.0,Default,1,Default,Default,Default,Default,Default,Default,Default,Default,Default,16,Default,dotNetTips.Spargine.Extensions.BenchmarkTests,ListExtensions,1000,"2,110.72 ns",41.904 ns,48.257 ns,10.791 ns,"2,047.90 ns","2,060.70 ns","2,137.29 ns","2,153.35 ns","2,175.22 ns","473,772.7",41.9044 ns,20.00,1.106,3.636,-0.1853,50,*,No,0.0000,0.0000,0.0000,0 B,635 B
CopyToList,Job-PVYZXO,False,True,Default,Default,Default,Default,Default,1111,Empty,RyuJit,X64,8c5e7fda-e8bf-4a96-9a85-a6e23a8c635c,.NET 5.0,False,True,False,True,Default,Default,False,False,True,Default,Default,Default,Default,Default,.NET 5.0,Default,1,Default,Default,Default,Default,Default,Default,Default,Default,Default,16,Default,dotNetTips.Spargine.Extensions.BenchmarkTests,ListExtensions,10,49.00 ns,0.121 ns,0.108 ns,0.029 ns,48.85 ns,48.93 ns,48.99 ns,49.06 ns,49.19 ns,"20,408,160.2",0.1213 ns,14.00,1.795,2.000,0.3241,16,*,No,0.0151,0.0000,0.0000,136 B,171 B
CopyToList,Job-PVYZXO,False,True,Default,Default,Default,Default,Default,1111,Empty,RyuJit,X64,8c5e7fda-e8bf-4a96-9a85-a6e23a8c635c,.NET 5.0,False,True,False,True,Default,Default,False,False,True,Default,Default,Default,Default,Default,.NET 5.0,Default,1,Default,Default,Default,Default,Default,Default,Default,Default,Default,16,Default,dotNetTips.Spargine.Extensions.BenchmarkTests,ListExtensions,25,61.02 ns,0.177 ns,0.157 ns,0.042 ns,60.54 ns,61.02 ns,61.05 ns,61.10 ns,61.19 ns,"16,387,198.5",0.1772 ns,14.00,6.464,2.000,-1.8974,20,*,No,0.0278,0.0000,0.0000,256 B,171 B
CopyToList,Job-PVYZXO,False,True,Default,Default,Default,Default,Default,1111,Empty,RyuJit,X64,8c5e7fda-e8bf-4a96-9a85-a6e23a8c635c,.NET 5.0,False,True,False,True,Default,Default,False,False,True,Default,Default,Default,Default,Default,.NET 5.0,Default,1,Default,Default,Default,Default,Default,Default,Default,Default,Default,16,Default,dotNetTips.Spargine.Extensions.BenchmarkTests,ListExtensions,50,80.18 ns,0.594 ns,0.527 ns,0.141 ns,79.02 ns,80.20 ns,80.38 ns,80.46 ns,80.70 ns,"12,472,378.4",0.5944 ns,14.00,3.186,2.000,-1.2956,22,*,No,0.0495,0.0000,0.0000,456 B,171 B
CopyToList,Job-PVYZXO,False,True,Default,Default,Default,Default,Default,1111,Empty,RyuJit,X64,8c5e7fda-e8bf-4a96-9a85-a6e23a8c635c,.NET 5.0,False,True,False,True,Default,Default,False,False,True,Default,Default,Default,Default,Default,.NET 5.0,Default,1,Default,Default,Default,Default,Default,Default,Default,Default,Default,16,Default,dotNetTips.Spargine.Extensions.BenchmarkTests,ListExtensions,100,114.69 ns,0.261 ns,0.244 ns,0.063 ns,114.32 ns,114.53 ns,114.65 ns,114.88 ns,115.12 ns,"8,719,035.2",0.2606 ns,15.00,1.746,2.000,0.0103,27,*,No,0.0951,0.0002,0.0000,856 B,171 B
CopyToList,Job-PVYZXO,False,True,Default,Default,Default,Default,Default,1111,Empty,RyuJit,X64,8c5e7fda-e8bf-4a96-9a85-a6e23a8c635c,.NET 5.0,False,True,False,True,Default,Default,False,False,True,Default,Default,Default,Default,Default,.NET 5.0,Default,1,Default,Default,Default,Default,Default,Default,Default,Default,Default,16,Default,dotNetTips.Spargine.Extensions.BenchmarkTests,ListExtensions,250,226.61 ns,1.251 ns,1.109 ns,0.296 ns,225.01 ns,225.88 ns,226.53 ns,227.11 ns,228.44 ns,"4,412,785.8",1.2513 ns,14.00,1.840,2.000,0.2698,31,*,No,0.2265,0.0012,0.0000,"2,056 B",171 B
CopyToList,Job-PVYZXO,False,True,Default,Default,Default,Default,Default,1111,Empty,RyuJit,X64,8c5e7fda-e8bf-4a96-9a85-a6e23a8c635c,.NET 5.0,False,True,False,True,Default,Default,False,False,True,Default,Default,Default,Default,Default,.NET 5.0,Default,1,Default,Default,Default,Default,Default,Default,Default,Default,Default,16,Default,dotNetTips.Spargine.Extensions.BenchmarkTests,ListExtensions,500,430.27 ns,2.382 ns,2.228 ns,0.575 ns,426.70 ns,428.79 ns,430.50 ns,431.37 ns,435.00 ns,"2,324,140.9",2.3817 ns,15.00,2.325,2.000,0.3235,35,*,No,0.4473,0.0038,0.0000,"4,056 B",171 B
CopyToList,Job-PVYZXO,False,True,Default,Default,Default,Default,Default,1111,Empty,RyuJit,X64,8c5e7fda-e8bf-4a96-9a85-a6e23a8c635c,.NET 5.0,False,True,False,True,Default,Default,False,False,True,Default,Default,Default,Default,Default,.NET 5.0,Default,1,Default,Default,Default,Default,Default,Default,Default,Default,Default,16,Default,dotNetTips.Spargine.Extensions.BenchmarkTests,ListExtensions,1000,865.15 ns,5.239 ns,4.375 ns,1.213 ns,858.60 ns,862.09 ns,864.49 ns,867.48 ns,875.44 ns,"1,155,865.8",5.2390 ns,13.00,2.942,2.000,0.6496,43,*,No,0.8850,0.0000,0.0000,"8,056 B",171 B
IndexOf,Job-PVYZXO,False,True,Default,Default,Default,Default,Default,1111,Empty,RyuJit,X64,8c5e7fda-e8bf-4a96-9a85-a6e23a8c635c,.NET 5.0,False,True,False,True,Default,Default,False,False,True,Default,Default,Default,Default,Default,.NET 5.0,Default,1,Default,Default,Default,Default,Default,Default,Default,Default,Default,16,Default,dotNetTips.Spargine.Extensions.BenchmarkTests,ListExtensions,10,56.07 ns,0.299 ns,0.280 ns,0.072 ns,55.57 ns,55.93 ns,56.04 ns,56.30 ns,56.50 ns,"17,834,398.9",0.2990 ns,15.00,1.999,2.000,-0.2521,17,*,No,0.0000,0.0000,0.0000,0 B,308 B
IndexOf,Job-PVYZXO,False,True,Default,Default,Default,Default,Default,1111,Empty,RyuJit,X64,8c5e7fda-e8bf-4a96-9a85-a6e23a8c635c,.NET 5.0,False,True,False,True,Default,Default,False,False,True,Default,Default,Default,Default,Default,.NET 5.0,Default,1,Default,Default,Default,Default,Default,Default,Default,Default,Default,16,Default,dotNetTips.Spargine.Extensions.BenchmarkTests,ListExtensions,25,112.33 ns,0.669 ns,0.559 ns,0.155 ns,111.51 ns,112.02 ns,112.24 ns,112.60 ns,113.50 ns,"8,902,330.7",0.6692 ns,13.00,2.426,2.000,0.6027,26,*,No,0.0000,0.0000,0.0000,0 B,308 B
IndexOf,Job-PVYZXO,False,True,Default,Default,Default,Default,Default,1111,Empty,RyuJit,X64,8c5e7fda-e8bf-4a96-9a85-a6e23a8c635c,.NET 5.0,False,True,False,True,Default,Default,False,False,True,Default,Default,Default,Default,Default,.NET 5.0,Default,1,Default,Default,Default,Default,Default,Default,Default,Default,Default,16,Default,dotNetTips.Spargine.Extensions.BenchmarkTests,ListExtensions,50,184.26 ns,1.884 ns,1.762 ns,0.455 ns,180.27 ns,183.29 ns,184.13 ns,185.61 ns,187.24 ns,"5,427,098.9",1.8842 ns,15.00,2.632,2.000,-0.3492,30,*,No,0.0000,0.0000,0.0000,0 B,308 B
IndexOf,Job-PVYZXO,False,True,Default,Default,Default,Default,Default,1111,Empty,RyuJit,X64,8c5e7fda-e8bf-4a96-9a85-a6e23a8c635c,.NET 5.0,False,True,False,True,Default,Default,False,False,True,Default,Default,Default,Default,Default,.NET 5.0,Default,1,Default,Default,Default,Default,Default,Default,Default,Default,Default,16,Default,dotNetTips.Spargine.Extensions.BenchmarkTests,ListExtensions,100,332.21 ns,3.315 ns,2.768 ns,0.768 ns,326.58 ns,331.94 ns,332.88 ns,333.16 ns,336.60 ns,"3,010,184.5",3.3148 ns,13.00,2.534,2.000,-0.6246,34,*,No,0.0000,0.0000,0.0000,0 B,308 B
IndexOf,Job-PVYZXO,False,True,Default,Default,Default,Default,Default,1111,Empty,RyuJit,X64,8c5e7fda-e8bf-4a96-9a85-a6e23a8c635c,.NET 5.0,False,True,False,True,Default,Default,False,False,True,Default,Default,Default,Default,Default,.NET 5.0,Default,1,Default,Default,Default,Default,Default,Default,Default,Default,Default,16,Default,dotNetTips.Spargine.Extensions.BenchmarkTests,ListExtensions,250,787.85 ns,1.380 ns,1.291 ns,0.333 ns,785.45 ns,787.03 ns,787.94 ns,788.91 ns,789.39 ns,"1,269,281.6",1.3799 ns,15.00,1.679,2.000,-0.3659,41,*,No,0.0000,0.0000,0.0000,0 B,308 B
IndexOf,Job-PVYZXO,False,True,Default,Default,Default,Default,Default,1111,Empty,RyuJit,X64,8c5e7fda-e8bf-4a96-9a85-a6e23a8c635c,.NET 5.0,False,True,False,True,Default,Default,False,False,True,Default,Default,Default,Default,Default,.NET 5.0,Default,1,Default,Default,Default,Default,Default,Default,Default,Default,Default,16,Default,dotNetTips.Spargine.Extensions.BenchmarkTests,ListExtensions,500,"1,545.71 ns",6.929 ns,6.142 ns,1.642 ns,"1,527.92 ns","1,543.44 ns","1,546.91 ns","1,550.08 ns","1,552.03 ns","646,952.8",6.9288 ns,14.00,5.244,2.000,-1.5550,47,*,No,0.0000,0.0000,0.0000,0 B,308 B
IndexOf,Job-PVYZXO,False,True,Default,Default,Default,Default,Default,1111,Empty,RyuJit,X64,8c5e7fda-e8bf-4a96-9a85-a6e23a8c635c,.NET 5.0,False,True,False,True,Default,Default,False,False,True,Default,Default,Default,Default,Default,.NET 5.0,Default,1,Default,Default,Default,Default,Default,Default,Default,Default,Default,16,Default,dotNetTips.Spargine.Extensions.BenchmarkTests,ListExtensions,1000,"3,095.78 ns",15.081 ns,14.107 ns,3.642 ns,"3,078.45 ns","3,085.27 ns","3,091.12 ns","3,103.50 ns","3,124.33 ns","323,020.0",15.0810 ns,15.00,2.252,2.000,0.7647,52,*,No,0.0000,0.0000,0.0000,0 B,308 B
IndexOf:Comparer,Job-PVYZXO,False,True,Default,Default,Default,Default,Default,1111,Empty,RyuJit,X64,8c5e7fda-e8bf-4a96-9a85-a6e23a8c635c,.NET 5.0,False,True,False,True,Default,Default,False,False,True,Default,Default,Default,Default,Default,.NET 5.0,Default,1,Default,Default,Default,Default,Default,Default,Default,Default,Default,16,Default,dotNetTips.Spargine.Extensions.BenchmarkTests,ListExtensions,10,804.90 ns,1.906 ns,1.689 ns,0.451 ns,802.03 ns,803.31 ns,805.44 ns,806.02 ns,807.06 ns,"1,242,386.1",1.9055 ns,14.00,1.524,2.000,-0.3683,42,*,No,0.0601,0.0000,0.0000,552 B,717 B
IndexOf:Comparer,Job-PVYZXO,False,True,Default,Default,Default,Default,Default,1111,Empty,RyuJit,X64,8c5e7fda-e8bf-4a96-9a85-a6e23a8c635c,.NET 5.0,False,True,False,True,Default,Default,False,False,True,Default,Default,Default,Default,Default,.NET 5.0,Default,1,Default,Default,Default,Default,Default,Default,Default,Default,Default,16,Default,dotNetTips.Spargine.Extensions.BenchmarkTests,ListExtensions,25,"1,483.52 ns",2.902 ns,2.423 ns,0.672 ns,"1,478.53 ns","1,483.70 ns","1,484.19 ns","1,485.13 ns","1,486.18 ns","674,071.2",2.9019 ns,13.00,2.297,2.000,-0.9216,46,*,No,0.0591,0.0000,0.0000,552 B,717 B
IndexOf:Comparer,Job-PVYZXO,False,True,Default,Default,Default,Default,Default,1111,Empty,RyuJit,X64,8c5e7fda-e8bf-4a96-9a85-a6e23a8c635c,.NET 5.0,False,True,False,True,Default,Default,False,False,True,Default,Default,Default,Default,Default,.NET 5.0,Default,1,Default,Default,Default,Default,Default,Default,Default,Default,Default,16,Default,dotNetTips.Spargine.Extensions.BenchmarkTests,ListExtensions,50,"2,736.13 ns",7.012 ns,6.559 ns,1.694 ns,"2,729.11 ns","2,730.10 ns","2,733.97 ns","2,743.14 ns","2,746.58 ns","365,479.6",7.0123 ns,15.00,1.314,2.000,0.3541,51,*,No,0.0572,0.0000,0.0000,552 B,717 B
IndexOf:Comparer,Job-PVYZXO,False,True,Default,Default,Default,Default,Default,1111,Empty,RyuJit,X64,8c5e7fda-e8bf-4a96-9a85-a6e23a8c635c,.NET 5.0,False,True,False,True,Default,Default,False,False,True,Default,Default,Default,Default,Default,.NET 5.0,Default,1,Default,Default,Default,Default,Default,Default,Default,Default,Default,16,Default,dotNetTips.Spargine.Extensions.BenchmarkTests,ListExtensions,100,"5,161.79 ns",29.407 ns,26.069 ns,6.967 ns,"5,118.11 ns","5,148.07 ns","5,157.71 ns","5,176.61 ns","5,214.47 ns","193,731.1",29.4072 ns,14.00,2.271,2.000,0.1514,56,*,No,0.0610,0.0000,0.0000,552 B,717 B
IndexOf:Comparer,Job-PVYZXO,False,True,Default,Default,Default,Default,Default,1111,Empty,RyuJit,X64,8c5e7fda-e8bf-4a96-9a85-a6e23a8c635c,.NET 5.0,False,True,False,True,Default,Default,False,False,True,Default,Default,Default,Default,Default,.NET 5.0,Default,1,Default,Default,Default,Default,Default,Default,Default,Default,Default,16,Default,dotNetTips.Spargine.Extensions.BenchmarkTests,ListExtensions,250,"12,518.95 ns",32.102 ns,26.806 ns,7.435 ns,"12,445.41 ns","12,513.95 ns","12,519.44 ns","12,531.84 ns","12,556.00 ns","79,878.9",32.1015 ns,13.00,4.740,2.000,-1.3126,60,*,No,0.0458,0.0000,0.0000,552 B,717 B
IndexOf:Comparer,Job-PVYZXO,False,True,Default,Default,Default,Default,Default,1111,Empty,RyuJit,X64,8c5e7fda-e8bf-4a96-9a85-a6e23a8c635c,.NET 5.0,False,True,False,True,Default,Default,False,False,True,Default,Default,Default,Default,Default,.NET 5.0,Default,1,Default,Default,Default,Default,Default,Default,Default,Default,Default,16,Default,dotNetTips.Spargine.Extensions.BenchmarkTests,ListExtensions,500,"24,856.67 ns",172.619 ns,144.145 ns,39.979 ns,"24,453.55 ns","24,849.51 ns","24,889.79 ns","24,922.68 ns","25,002.90 ns","40,230.6",172.6190 ns,13.00,4.991,2.000,-1.6139,64,*,No,0.0305,0.0000,0.0000,552 B,717 B
IndexOf:Comparer,Job-PVYZXO,False,True,Default,Default,Default,Default,Default,1111,Empty,RyuJit,X64,8c5e7fda-e8bf-4a96-9a85-a6e23a8c635c,.NET 5.0,False,True,False,True,Default,Default,False,False,True,Default,Default,Default,Default,Default,.NET 5.0,Default,1,Default,Default,Default,Default,Default,Default,Default,Default,Default,16,Default,dotNetTips.Spargine.Extensions.BenchmarkTests,ListExtensions,1000,"52,125.03 ns",282.849 ns,236.192 ns,65.508 ns,"51,721.84 ns","52,007.88 ns","52,173.98 ns","52,244.95 ns","52,592.64 ns","19,184.6",282.8488 ns,13.00,2.382,2.000,0.0190,67,*,No,0.0000,0.0000,0.0000,552 B,717 B
ListHashCode,Job-PVYZXO,False,True,Default,Default,Default,Default,Default,1111,Empty,RyuJit,X64,8c5e7fda-e8bf-4a96-9a85-a6e23a8c635c,.NET 5.0,False,True,False,True,Default,Default,False,False,True,Default,Default,Default,Default,Default,.NET 5.0,Default,1,Default,Default,Default,Default,Default,Default,Default,Default,Default,16,Default,dotNetTips.Spargine.Extensions.BenchmarkTests,ListExtensions,10,732.28 ns,2.850 ns,2.526 ns,0.675 ns,728.71 ns,730.09 ns,732.65 ns,733.86 ns,737.10 ns,"1,365,591.6",2.8496 ns,14.00,1.803,2.000,0.1359,40,*,No,0.0172,0.0000,0.0000,160 B,629 B
ListHashCode,Job-PVYZXO,False,True,Default,Default,Default,Default,Default,1111,Empty,RyuJit,X64,8c5e7fda-e8bf-4a96-9a85-a6e23a8c635c,.NET 5.0,False,True,False,True,Default,Default,False,False,True,Default,Default,Default,Default,Default,.NET 5.0,Default,1,Default,Default,Default,Default,Default,Default,Default,Default,Default,16,Default,dotNetTips.Spargine.Extensions.BenchmarkTests,ListExtensions,25,"1,773.35 ns",12.940 ns,12.104 ns,3.125 ns,"1,754.96 ns","1,765.36 ns","1,777.29 ns","1,779.91 ns","1,798.15 ns","563,903.6",12.9398 ns,15.00,2.161,2.000,0.1325,48,*,No,0.0172,0.0000,0.0000,160 B,629 B
ListHashCode,Job-PVYZXO,False,True,Default,Default,Default,Default,Default,1111,Empty,RyuJit,X64,8c5e7fda-e8bf-4a96-9a85-a6e23a8c635c,.NET 5.0,False,True,False,True,Default,Default,False,False,True,Default,Default,Default,Default,Default,.NET 5.0,Default,1,Default,Default,Default,Default,Default,Default,Default,Default,Default,16,Default,dotNetTips.Spargine.Extensions.BenchmarkTests,ListExtensions,50,"3,629.20 ns",60.757 ns,74.615 ns,15.908 ns,"3,523.92 ns","3,587.17 ns","3,620.97 ns","3,628.97 ns","3,826.48 ns","275,542.6",60.7569 ns,22.00,3.579,2.000,1.0626,53,*,No,0.0153,0.0000,0.0000,160 B,629 B
ListHashCode,Job-PVYZXO,False,True,Default,Default,Default,Default,Default,1111,Empty,RyuJit,X64,8c5e7fda-e8bf-4a96-9a85-a6e23a8c635c,.NET 5.0,False,True,False,True,Default,Default,False,False,True,Default,Default,Default,Default,Default,.NET 5.0,Default,1,Default,Default,Default,Default,Default,Default,Default,Default,Default,16,Default,dotNetTips.Spargine.Extensions.BenchmarkTests,ListExtensions,100,"7,393.93 ns",72.032 ns,67.379 ns,17.397 ns,"7,270.01 ns","7,343.50 ns","7,394.51 ns","7,442.18 ns","7,487.33 ns","135,246.0",72.0324 ns,15.00,1.740,2.000,-0.2067,57,*,No,0.0153,0.0000,0.0000,160 B,629 B
ListHashCode,Job-PVYZXO,False,True,Default,Default,Default,Default,Default,1111,Empty,RyuJit,X64,8c5e7fda-e8bf-4a96-9a85-a6e23a8c635c,.NET 5.0,False,True,False,True,Default,Default,False,False,True,Default,Default,Default,Default,Default,.NET 5.0,Default,1,Default,Default,Default,Default,Default,Default,Default,Default,Default,16,Default,dotNetTips.Spargine.Extensions.BenchmarkTests,ListExtensions,250,"19,601.86 ns",345.155 ns,369.312 ns,87.048 ns,"19,003.87 ns","19,429.52 ns","19,455.96 ns","19,740.30 ns","20,534.86 ns","51,015.6",345.1548 ns,18.00,3.363,2.000,1.0341,61,*,No,0.0000,0.0000,0.0000,160 B,629 B
ListHashCode,Job-PVYZXO,False,True,Default,Default,Default,Default,Default,1111,Empty,RyuJit,X64,8c5e7fda-e8bf-4a96-9a85-a6e23a8c635c,.NET 5.0,False,True,False,True,Default,Default,False,False,True,Default,Default,Default,Default,Default,.NET 5.0,Default,1,Default,Default,Default,Default,Default,Default,Default,Default,Default,16,Default,dotNetTips.Spargine.Extensions.BenchmarkTests,ListExtensions,500,"40,471.06 ns",192.618 ns,189.177 ns,47.294 ns,"40,356.90 ns","40,397.04 ns","40,414.76 ns","40,455.10 ns","41,159.59 ns","24,709.0",192.6181 ns,16.00,10.990,2.000,2.9730,65,*,No,0.0000,0.0000,0.0000,160 B,629 B
ListHashCode,Job-PVYZXO,False,True,Default,Default,Default,Default,Default,1111,Empty,RyuJit,X64,8c5e7fda-e8bf-4a96-9a85-a6e23a8c635c,.NET 5.0,False,True,False,True,Default,Default,False,False,True,Default,Default,Default,Default,Default,.NET 5.0,Default,1,Default,Default,Default,Default,Default,Default,Default,Default,Default,16,Default,dotNetTips.Spargine.Extensions.BenchmarkTests,ListExtensions,1000,"79,051.98 ns",577.604 ns,482.325 ns,133.773 ns,"78,049.62 ns","78,988.85 ns","79,059.46 ns","79,380.22 ns","79,586.57 ns","12,649.9",577.6039 ns,13.00,2.659,2.000,-0.9021,68,*,No,0.0000,0.0000,0.0000,160 B,629 B
OrderBy,Job-PVYZXO,False,True,Default,Default,Default,Default,Default,1111,Empty,RyuJit,X64,8c5e7fda-e8bf-4a96-9a85-a6e23a8c635c,.NET 5.0,False,True,False,True,Default,Default,False,False,True,Default,Default,Default,Default,Default,.NET 5.0,Default,1,Default,Default,Default,Default,Default,Default,Default,Default,Default,16,Default,dotNetTips.Spargine.Extensions.BenchmarkTests,ListExtensions,10,23.11 ns,0.062 ns,0.058 ns,0.015 ns,23.03 ns,23.07 ns,23.09 ns,23.14 ns,23.25 ns,"43,270,045.0",0.0618 ns,15.00,3.135,2.000,0.8734,8,*,No,0.0062,0.0000,0.0000,56 B,391 B
OrderBy,Job-PVYZXO,False,True,Default,Default,Default,Default,Default,1111,Empty,RyuJit,X64,8c5e7fda-e8bf-4a96-9a85-a6e23a8c635c,.NET 5.0,False,True,False,True,Default,Default,False,False,True,Default,Default,Default,Default,Default,.NET 5.0,Default,1,Default,Default,Default,Default,Default,Default,Default,Default,Default,16,Default,dotNetTips.Spargine.Extensions.BenchmarkTests,ListExtensions,25,22.43 ns,0.119 ns,0.099 ns,0.027 ns,22.14 ns,22.41 ns,22.47 ns,22.49 ns,22.49 ns,"44,581,297.3",0.1187 ns,13.00,5.982,2.000,-1.9507,7,*,No,0.0061,0.0000,0.0000,56 B,391 B
OrderBy,Job-PVYZXO,False,True,Default,Default,Default,Default,Default,1111,Empty,RyuJit,X64,8c5e7fda-e8bf-4a96-9a85-a6e23a8c635c,.NET 5.0,False,True,False,True,Default,Default,False,False,True,Default,Default,Default,Default,Default,.NET 5.0,Default,1,Default,Default,Default,Default,Default,Default,Default,Default,Default,16,Default,dotNetTips.Spargine.Extensions.BenchmarkTests,ListExtensions,50,23.18 ns,0.371 ns,0.347 ns,0.090 ns,22.64 ns,22.76 ns,23.35 ns,23.45 ns,23.51 ns,"43,143,272.2",0.3711 ns,15.00,1.344,2.000,-0.5619,8,*,No,0.0061,0.0000,0.0000,56 B,391 B
OrderBy,Job-PVYZXO,False,True,Default,Default,Default,Default,Default,1111,Empty,RyuJit,X64,8c5e7fda-e8bf-4a96-9a85-a6e23a8c635c,.NET 5.0,False,True,False,True,Default,Default,False,False,True,Default,Default,Default,Default,Default,.NET 5.0,Default,1,Default,Default,Default,Default,Default,Default,Default,Default,Default,16,Default,dotNetTips.Spargine.Extensions.BenchmarkTests,ListExtensions,100,23.12 ns,0.067 ns,0.060 ns,0.016 ns,23.03 ns,23.07 ns,23.12 ns,23.16 ns,23.24 ns,"43,249,036.2",0.0675 ns,14.00,2.105,2.000,0.3281,8,*,No,0.0061,0.0000,0.0000,56 B,391 B
OrderBy,Job-PVYZXO,False,True,Default,Default,Default,Default,Default,1111,Empty,RyuJit,X64,8c5e7fda-e8bf-4a96-9a85-a6e23a8c635c,.NET 5.0,False,True,False,True,Default,Default,False,False,True,Default,Default,Default,Default,Default,.NET 5.0,Default,1,Default,Default,Default,Default,Default,Default,Default,Default,Default,16,Default,dotNetTips.Spargine.Extensions.BenchmarkTests,ListExtensions,250,23.30 ns,0.056 ns,0.052 ns,0.014 ns,23.20 ns,23.26 ns,23.32 ns,23.34 ns,23.36 ns,"42,925,710.0",0.0559 ns,15.00,1.612,2.000,-0.4188,8,*,No,0.0061,0.0000,0.0000,56 B,391 B
OrderBy,Job-PVYZXO,False,True,Default,Default,Default,Default,Default,1111,Empty,RyuJit,X64,8c5e7fda-e8bf-4a96-9a85-a6e23a8c635c,.NET 5.0,False,True,False,True,Default,Default,False,False,True,Default,Default,Default,Default,Default,.NET 5.0,Default,1,Default,Default,Default,Default,Default,Default,Default,Default,Default,16,Default,dotNetTips.Spargine.Extensions.BenchmarkTests,ListExtensions,500,23.23 ns,0.189 ns,0.177 ns,0.046 ns,22.92 ns,23.11 ns,23.28 ns,23.33 ns,23.50 ns,"43,051,903.5",0.1888 ns,15.00,1.900,2.000,-0.3667,8,*,No,0.0061,0.0000,0.0000,56 B,391 B
OrderBy,Job-PVYZXO,False,True,Default,Default,Default,Default,Default,1111,Empty,RyuJit,X64,8c5e7fda-e8bf-4a96-9a85-a6e23a8c635c,.NET 5.0,False,True,False,True,Default,Default,False,False,True,Default,Default,Default,Default,Default,.NET 5.0,Default,1,Default,Default,Default,Default,Default,Default,Default,Default,Default,16,Default,dotNetTips.Spargine.Extensions.BenchmarkTests,ListExtensions,1000,23.25 ns,0.186 ns,0.165 ns,0.044 ns,22.88 ns,23.18 ns,23.24 ns,23.37 ns,23.53 ns,"43,009,739.9",0.1862 ns,14.00,2.780,2.000,-0.4620,8,*,No,0.0061,0.0000,0.0000,56 B,391 B
OrderByOrdinal,Job-PVYZXO,False,True,Default,Default,Default,Default,Default,1111,Empty,RyuJit,X64,8c5e7fda-e8bf-4a96-9a85-a6e23a8c635c,.NET 5.0,False,True,False,True,Default,Default,False,False,True,Default,Default,Default,Default,Default,.NET 5.0,Default,1,Default,Default,Default,Default,Default,Default,Default,Default,Default,16,Default,dotNetTips.Spargine.Extensions.BenchmarkTests,ListExtensions,10,32.26 ns,0.273 ns,0.242 ns,0.065 ns,31.58 ns,32.28 ns,32.32 ns,32.38 ns,32.44 ns,"31,002,905.3",0.2729 ns,14.00,4.977,2.000,-1.7797,13,*,No,0.0061,0.0000,0.0000,56 B,327 B
OrderByOrdinal,Job-PVYZXO,False,True,Default,Default,Default,Default,Default,1111,Empty,RyuJit,X64,8c5e7fda-e8bf-4a96-9a85-a6e23a8c635c,.NET 5.0,False,True,False,True,Default,Default,False,False,True,Default,Default,Default,Default,Default,.NET 5.0,Default,1,Default,Default,Default,Default,Default,Default,Default,Default,Default,16,Default,dotNetTips.Spargine.Extensions.BenchmarkTests,ListExtensions,25,32.52 ns,0.220 ns,0.183 ns,0.051 ns,32.32 ns,32.40 ns,32.48 ns,32.54 ns,32.91 ns,"30,754,046.4",0.2197 ns,13.00,3.008,2.000,1.1039,13,*,No,0.0062,0.0000,0.0000,56 B,327 B
OrderByOrdinal,Job-PVYZXO,False,True,Default,Default,Default,Default,Default,1111,Empty,RyuJit,X64,8c5e7fda-e8bf-4a96-9a85-a6e23a8c635c,.NET 5.0,False,True,False,True,Default,Default,False,False,True,Default,Default,Default,Default,Default,.NET 5.0,Default,1,Default,Default,Default,Default,Default,Default,Default,Default,Default,16,Default,dotNetTips.Spargine.Extensions.BenchmarkTests,ListExtensions,50,32.38 ns,0.065 ns,0.051 ns,0.015 ns,32.29 ns,32.36 ns,32.41 ns,32.42 ns,32.43 ns,"30,879,263.6",0.0647 ns,12.00,1.969,2.000,-0.7577,13,*,No,0.0061,0.0000,0.0000,56 B,327 B
OrderByOrdinal,Job-PVYZXO,False,True,Default,Default,Default,Default,Default,1111,Empty,RyuJit,X64,8c5e7fda-e8bf-4a96-9a85-a6e23a8c635c,.NET 5.0,False,True,False,True,Default,Default,False,False,True,Default,Default,Default,Default,Default,.NET 5.0,Default,1,Default,Default,Default,Default,Default,Default,Default,Default,Default,16,Default,dotNetTips.Spargine.Extensions.BenchmarkTests,ListExtensions,100,32.46 ns,0.185 ns,0.164 ns,0.044 ns,32.11 ns,32.47 ns,32.53 ns,32.57 ns,32.62 ns,"30,805,030.6",0.1847 ns,14.00,2.535,2.000,-1.1015,13,*,No,0.0062,0.0000,0.0000,56 B,327 B
OrderByOrdinal,Job-PVYZXO,False,True,Default,Default,Default,Default,Default,1111,Empty,RyuJit,X64,8c5e7fda-e8bf-4a96-9a85-a6e23a8c635c,.NET 5.0,False,True,False,True,Default,Default,False,False,True,Default,Default,Default,Default,Default,.NET 5.0,Default,1,Default,Default,Default,Default,Default,Default,Default,Default,Default,16,Default,dotNetTips.Spargine.Extensions.BenchmarkTests,ListExtensions,250,32.31 ns,0.346 ns,0.324 ns,0.084 ns,31.84 ns,32.11 ns,32.29 ns,32.53 ns,32.85 ns,"30,945,925.8",0.3462 ns,15.00,1.713,2.000,0.1640,13,*,No,0.0061,0.0000,0.0000,56 B,327 B
OrderByOrdinal,Job-PVYZXO,False,True,Default,Default,Default,Default,Default,1111,Empty,RyuJit,X64,8c5e7fda-e8bf-4a96-9a85-a6e23a8c635c,.NET 5.0,False,True,False,True,Default,Default,False,False,True,Default,Default,Default,Default,Default,.NET 5.0,Default,1,Default,Default,Default,Default,Default,Default,Default,Default,Default,16,Default,dotNetTips.Spargine.Extensions.BenchmarkTests,ListExtensions,500,32.32 ns,0.426 ns,0.398 ns,0.103 ns,31.54 ns,32.14 ns,32.44 ns,32.51 ns,32.88 ns,"30,941,234.9",0.4258 ns,15.00,2.434,2.000,-0.6671,13,*,No,0.0061,0.0001,0.0000,56 B,327 B
OrderByOrdinal,Job-PVYZXO,False,True,Default,Default,Default,Default,Default,1111,Empty,RyuJit,X64,8c5e7fda-e8bf-4a96-9a85-a6e23a8c635c,.NET 5.0,False,True,False,True,Default,Default,False,False,True,Default,Default,Default,Default,Default,.NET 5.0,Default,1,Default,Default,Default,Default,Default,Default,Default,Default,Default,16,Default,dotNetTips.Spargine.Extensions.BenchmarkTests,ListExtensions,1000,32.74 ns,0.226 ns,0.211 ns,0.054 ns,32.39 ns,32.59 ns,32.72 ns,32.94 ns,33.02 ns,"30,545,319.5",0.2256 ns,15.00,1.607,2.000,-0.0599,13,*,No,0.0058,0.0000,0.0000,56 B,327 B
Page,Job-PVYZXO,False,True,Default,Default,Default,Default,Default,1111,Empty,RyuJit,X64,8c5e7fda-e8bf-4a96-9a85-a6e23a8c635c,.NET 5.0,False,True,False,True,Default,Default,False,False,True,Default,Default,Default,Default,Default,.NET 5.0,Default,1,Default,Default,Default,Default,Default,Default,Default,Default,Default,16,Default,dotNetTips.Spargine.Extensions.BenchmarkTests,ListExtensions,10,496.48 ns,3.491 ns,3.265 ns,0.843 ns,485.83 ns,496.08 ns,497.67 ns,498.09 ns,499.53 ns,"2,014,161.7",3.4910 ns,15.00,7.672,2.000,-2.2515,37,*,No,0.0725,0.0000,0.0000,664 B,536 B
Page,Job-PVYZXO,False,True,Default,Default,Default,Default,Default,1111,Empty,RyuJit,X64,8c5e7fda-e8bf-4a96-9a85-a6e23a8c635c,.NET 5.0,False,True,False,True,Default,Default,False,False,True,Default,Default,Default,Default,Default,.NET 5.0,Default,1,Default,Default,Default,Default,Default,Default,Default,Default,Default,16,Default,dotNetTips.Spargine.Extensions.BenchmarkTests,ListExtensions,25,"1,099.12 ns",13.375 ns,12.511 ns,3.230 ns,"1,086.44 ns","1,088.63 ns","1,091.19 ns","1,111.55 ns","1,123.02 ns","909,822.9",13.3748 ns,15.00,1.470,2.000,0.4467,44,*,No,0.1717,0.0000,0.0000,"1,560 B",536 B
Page,Job-PVYZXO,False,True,Default,Default,Default,Default,Default,1111,Empty,RyuJit,X64,8c5e7fda-e8bf-4a96-9a85-a6e23a8c635c,.NET 5.0,False,True,False,True,Default,Default,False,False,True,Default,Default,Default,Default,Default,.NET 5.0,Default,1,Default,Default,Default,Default,Default,Default,Default,Default,Default,16,Default,dotNetTips.Spargine.Extensions.BenchmarkTests,ListExtensions,50,"2,136.61 ns",8.214 ns,7.281 ns,1.946 ns,"2,125.23 ns","2,130.24 ns","2,136.65 ns","2,141.41 ns","2,150.76 ns","468,031.4",8.2138 ns,14.00,1.964,2.000,0.2497,50,*,No,0.3166,0.0000,0.0000,"2,904 B",536 B
Page,Job-PVYZXO,False,True,Default,Default,Default,Default,Default,1111,Empty,RyuJit,X64,8c5e7fda-e8bf-4a96-9a85-a6e23a8c635c,.NET 5.0,False,True,False,True,Default,Default,False,False,True,Default,Default,Default,Default,Default,.NET 5.0,Default,1,Default,Default,Default,Default,Default,Default,Default,Default,Default,16,Default,dotNetTips.Spargine.Extensions.BenchmarkTests,ListExtensions,100,"4,191.93 ns",3.130 ns,2.443 ns,0.705 ns,"4,188.60 ns","4,190.37 ns","4,191.40 ns","4,193.18 ns","4,197.51 ns","238,553.7",3.1295 ns,12.00,2.789,2.000,0.6830,55,*,No,0.6256,0.0000,0.0000,"5,704 B",536 B
Page,Job-PVYZXO,False,True,Default,Default,Default,Default,Default,1111,Empty,RyuJit,X64,8c5e7fda-e8bf-4a96-9a85-a6e23a8c635c,.NET 5.0,False,True,False,True,Default,Default,False,False,True,Default,Default,Default,Default,Default,.NET 5.0,Default,1,Default,Default,Default,Default,Default,Default,Default,Default,Default,16,Default,dotNetTips.Spargine.Extensions.BenchmarkTests,ListExtensions,250,"10,441.65 ns",31.025 ns,29.020 ns,7.493 ns,"10,388.77 ns","10,421.64 ns","10,446.93 ns","10,465.02 ns","10,475.39 ns","95,770.3",31.0246 ns,15.00,1.740,2.000,-0.5352,59,*,No,1.5411,0.0000,0.0000,"14,104 B",536 B
Page,Job-PVYZXO,False,True,Default,Default,Default,Default,Default,1111,Empty,RyuJit,X64,8c5e7fda-e8bf-4a96-9a85-a6e23a8c635c,.NET 5.0,False,True,False,True,Default,Default,False,False,True,Default,Default,Default,Default,Default,.NET 5.0,Default,1,Default,Default,Default,Default,Default,Default,Default,Default,Default,16,Default,dotNetTips.Spargine.Extensions.BenchmarkTests,ListExtensions,500,"21,170.86 ns",125.585 ns,111.328 ns,29.754 ns,"20,864.69 ns","21,147.84 ns","21,201.15 ns","21,241.94 ns","21,283.51 ns","47,234.7",125.5853 ns,14.00,4.433,2.000,-1.4152,63,*,No,3.0823,0.0000,0.0000,"28,104 B",536 B
Page,Job-PVYZXO,False,True,Default,Default,Default,Default,Default,1111,Empty,RyuJit,X64,8c5e7fda-e8bf-4a96-9a85-a6e23a8c635c,.NET 5.0,False,True,False,True,Default,Default,False,False,True,Default,Default,Default,Default,Default,.NET 5.0,Default,1,Default,Default,Default,Default,Default,Default,Default,Default,Default,16,Default,dotNetTips.Spargine.Extensions.BenchmarkTests,ListExtensions,1000,"42,539.63 ns",138.231 ns,129.301 ns,33.385 ns,"42,270.48 ns","42,496.55 ns","42,566.43 ns","42,636.74 ns","42,691.91 ns","23,507.5",138.2306 ns,15.00,2.252,2.000,-0.8177,66,*,No,6.1035,0.0000,0.0000,"56,104 B",536 B
PickRandom,Job-PVYZXO,False,True,Default,Default,Default,Default,Default,1111,Empty,RyuJit,X64,8c5e7fda-e8bf-4a96-9a85-a6e23a8c635c,.NET 5.0,False,True,False,True,Default,Default,False,False,True,Default,Default,Default,Default,Default,.NET 5.0,Default,1,Default,Default,Default,Default,Default,Default,Default,Default,Default,16,Default,dotNetTips.Spargine.Extensions.BenchmarkTests,ListExtensions,10,27.25 ns,0.328 ns,0.307 ns,0.079 ns,26.73 ns,27.09 ns,27.36 ns,27.46 ns,27.69 ns,"36,691,894.2",0.3277 ns,15.00,1.778,2.000,-0.2943,12,*,No,0.0053,0.0000,0.0000,48 B,211 B
PickRandom,Job-PVYZXO,False,True,Default,Default,Default,Default,Default,1111,Empty,RyuJit,X64,8c5e7fda-e8bf-4a96-9a85-a6e23a8c635c,.NET 5.0,False,True,False,True,Default,Default,False,False,True,Default,Default,Default,Default,Default,.NET 5.0,Default,1,Default,Default,Default,Default,Default,Default,Default,Default,Default,16,Default,dotNetTips.Spargine.Extensions.BenchmarkTests,ListExtensions,25,26.29 ns,0.039 ns,0.035 ns,0.009 ns,26.23 ns,26.28 ns,26.30 ns,26.32 ns,26.35 ns,"38,032,377.1",0.0395 ns,14.00,2.145,2.000,-0.4336,11,*,No,0.0052,0.0000,0.0000,48 B,211 B
PickRandom,Job-PVYZXO,False,True,Default,Default,Default,Default,Default,1111,Empty,RyuJit,X64,8c5e7fda-e8bf-4a96-9a85-a6e23a8c635c,.NET 5.0,False,True,False,True,Default,Default,False,False,True,Default,Default,Default,Default,Default,.NET 5.0,Default,1,Default,Default,Default,Default,Default,Default,Default,Default,Default,16,Default,dotNetTips.Spargine.Extensions.BenchmarkTests,ListExtensions,50,24.96 ns,0.044 ns,0.041 ns,0.011 ns,24.89 ns,24.92 ns,24.97 ns,24.99 ns,25.02 ns,"40,071,996.0",0.0439 ns,15.00,1.406,2.000,-0.0214,9,*,No,0.0052,0.0000,0.0000,48 B,211 B
PickRandom,Job-PVYZXO,False,True,Default,Default,Default,Default,Default,1111,Empty,RyuJit,X64,8c5e7fda-e8bf-4a96-9a85-a6e23a8c635c,.NET 5.0,False,True,False,True,Default,Default,False,False,True,Default,Default,Default,Default,Default,.NET 5.0,Default,1,Default,Default,Default,Default,Default,Default,Default,Default,Default,16,Default,dotNetTips.Spargine.Extensions.BenchmarkTests,ListExtensions,100,24.78 ns,0.151 ns,0.118 ns,0.034 ns,24.55 ns,24.74 ns,24.82 ns,24.86 ns,24.91 ns,"40,351,038.5",0.1508 ns,12.00,2.168,2.000,-0.8239,9,*,No,0.0053,0.0000,0.0000,48 B,211 B
PickRandom,Job-PVYZXO,False,True,Default,Default,Default,Default,Default,1111,Empty,RyuJit,X64,8c5e7fda-e8bf-4a96-9a85-a6e23a8c635c,.NET 5.0,False,True,False,True,Default,Default,False,False,True,Default,Default,Default,Default,Default,.NET 5.0,Default,1,Default,Default,Default,Default,Default,Default,Default,Default,Default,16,Default,dotNetTips.Spargine.Extensions.BenchmarkTests,ListExtensions,250,25.73 ns,0.211 ns,0.197 ns,0.051 ns,25.24 ns,25.63 ns,25.83 ns,25.85 ns,25.90 ns,"38,868,334.2",0.2106 ns,15.00,3.043,2.000,-1.1857,10,*,No,0.0052,0.0000,0.0000,48 B,211 B
PickRandom,Job-PVYZXO,False,True,Default,Default,Default,Default,Default,1111,Empty,RyuJit,X64,8c5e7fda-e8bf-4a96-9a85-a6e23a8c635c,.NET 5.0,False,True,False,True,Default,Default,False,False,True,Default,Default,Default,Default,Default,.NET 5.0,Default,1,Default,Default,Default,Default,Default,Default,Default,Default,Default,16,Default,dotNetTips.Spargine.Extensions.BenchmarkTests,ListExtensions,500,25.77 ns,0.151 ns,0.141 ns,0.037 ns,25.52 ns,25.68 ns,25.82 ns,25.90 ns,25.93 ns,"38,802,142.4",0.1513 ns,15.00,1.716,2.000,-0.4890,10,*,No,0.0052,0.0000,0.0000,48 B,211 B
PickRandom,Job-PVYZXO,False,True,Default,Default,Default,Default,Default,1111,Empty,RyuJit,X64,8c5e7fda-e8bf-4a96-9a85-a6e23a8c635c,.NET 5.0,False,True,False,True,Default,Default,False,False,True,Default,Default,Default,Default,Default,.NET 5.0,Default,1,Default,Default,Default,Default,Default,Default,Default,Default,Default,16,Default,dotNetTips.Spargine.Extensions.BenchmarkTests,ListExtensions,1000,25.59 ns,0.274 ns,0.257 ns,0.066 ns,25.29 ns,25.40 ns,25.54 ns,25.71 ns,26.13 ns,"39,071,092.3",0.2743 ns,15.00,2.142,2.000,0.6494,10,*,No,0.0052,0.0000,0.0000,48 B,211 B
Shuffle,Job-PVYZXO,False,True,Default,Default,Default,Default,Default,1111,Empty,RyuJit,X64,8c5e7fda-e8bf-4a96-9a85-a6e23a8c635c,.NET 5.0,False,True,False,True,Default,Default,False,False,True,Default,Default,Default,Default,Default,.NET 5.0,Default,1,Default,Default,Default,Default,Default,Default,Default,Default,Default,16,Default,dotNetTips.Spargine.Extensions.BenchmarkTests,ListExtensions,10,34.83 ns,0.201 ns,0.178 ns,0.048 ns,34.28 ns,34.81 ns,34.85 ns,34.94 ns,35.01 ns,"28,707,160.0",0.2006 ns,14.00,6.860,2.000,-1.9952,14,*,No,0.0061,0.0000,0.0000,56 B,390 B
Shuffle,Job-PVYZXO,False,True,Default,Default,Default,Default,Default,1111,Empty,RyuJit,X64,8c5e7fda-e8bf-4a96-9a85-a6e23a8c635c,.NET 5.0,False,True,False,True,Default,Default,False,False,True,Default,Default,Default,Default,Default,.NET 5.0,Default,1,Default,Default,Default,Default,Default,Default,Default,Default,Default,16,Default,dotNetTips.Spargine.Extensions.BenchmarkTests,ListExtensions,25,34.51 ns,0.477 ns,0.373 ns,0.108 ns,33.39 ns,34.57 ns,34.62 ns,34.68 ns,34.75 ns,"28,975,795.2",0.4772 ns,12.00,6.928,2.000,-2.2364,14,*,No,0.0061,0.0000,0.0000,56 B,390 B
Shuffle,Job-PVYZXO,False,True,Default,Default,Default,Default,Default,1111,Empty,RyuJit,X64,8c5e7fda-e8bf-4a96-9a85-a6e23a8c635c,.NET 5.0,False,True,False,True,Default,Default,False,False,True,Default,Default,Default,Default,Default,.NET 5.0,Default,1,Default,Default,Default,Default,Default,Default,Default,Default,Default,16,Default,dotNetTips.Spargine.Extensions.BenchmarkTests,ListExtensions,50,34.36 ns,0.210 ns,0.196 ns,0.051 ns,34.03 ns,34.19 ns,34.42 ns,34.50 ns,34.60 ns,"29,107,629.9",0.2097 ns,15.00,1.605,2.000,-0.5159,14,*,No,0.0061,0.0000,0.0000,56 B,390 B
Shuffle,Job-PVYZXO,False,True,Default,Default,Default,Default,Default,1111,Empty,RyuJit,X64,8c5e7fda-e8bf-4a96-9a85-a6e23a8c635c,.NET 5.0,False,True,False,True,Default,Default,False,False,True,Default,Default,Default,Default,Default,.NET 5.0,Default,1,Default,Default,Default,Default,Default,Default,Default,Default,Default,16,Default,dotNetTips.Spargine.Extensions.BenchmarkTests,ListExtensions,100,34.45 ns,0.318 ns,0.265 ns,0.074 ns,33.90 ns,34.46 ns,34.51 ns,34.63 ns,34.72 ns,"29,028,985.2",0.3176 ns,13.00,2.323,2.000,-0.9363,14,*,No,0.0061,0.0000,0.0000,56 B,390 B
Shuffle,Job-PVYZXO,False,True,Default,Default,Default,Default,Default,1111,Empty,RyuJit,X64,8c5e7fda-e8bf-4a96-9a85-a6e23a8c635c,.NET 5.0,False,True,False,True,Default,Default,False,False,True,Default,Default,Default,Default,Default,.NET 5.0,Default,1,Default,Default,Default,Default,Default,Default,Default,Default,Default,16,Default,dotNetTips.Spargine.Extensions.BenchmarkTests,ListExtensions,250,33.09 ns,0.177 ns,0.148 ns,0.041 ns,32.67 ns,33.04 ns,33.12 ns,33.16 ns,33.30 ns,"30,219,532.5",0.1769 ns,13.00,5.400,2.000,-1.5152,13,*,No,0.0061,0.0000,0.0000,56 B,390 B
Shuffle,Job-PVYZXO,False,True,Default,Default,Default,Default,Default,1111,Empty,RyuJit,X64,8c5e7fda-e8bf-4a96-9a85-a6e23a8c635c,.NET 5.0,False,True,False,True,Default,Default,False,False,True,Default,Default,Default,Default,Default,.NET 5.0,Default,1,Default,Default,Default,Default,Default,Default,Default,Default,Default,16,Default,dotNetTips.Spargine.Extensions.BenchmarkTests,ListExtensions,500,34.77 ns,0.288 ns,0.270 ns,0.070 ns,34.23 ns,34.47 ns,34.87 ns,34.97 ns,35.02 ns,"28,764,513.4",0.2883 ns,15.00,1.731,2.000,-0.6816,14,*,No,0.0061,0.0000,0.0000,56 B,390 B
Shuffle,Job-PVYZXO,False,True,Default,Default,Default,Default,Default,1111,Empty,RyuJit,X64,8c5e7fda-e8bf-4a96-9a85-a6e23a8c635c,.NET 5.0,False,True,False,True,Default,Default,False,False,True,Default,Default,Default,Default,Default,.NET 5.0,Default,1,Default,Default,Default,Default,Default,Default,Default,Default,Default,16,Default,dotNetTips.Spargine.Extensions.BenchmarkTests,ListExtensions,1000,35.14 ns,0.366 ns,0.342 ns,0.088 ns,34.55 ns,34.89 ns,35.11 ns,35.30 ns,35.91 ns,"28,457,669.8",0.3659 ns,15.00,2.662,2.000,0.4895,14,*,No,0.0060,0.0000,0.0000,56 B,390 B
ToObservableCollection,Job-PVYZXO,False,True,Default,Default,Default,Default,Default,1111,Empty,RyuJit,X64,8c5e7fda-e8bf-4a96-9a85-a6e23a8c635c,.NET 5.0,False,True,False,True,Default,Default,False,False,True,Default,Default,Default,Default,Default,.NET 5.0,Default,1,Default,Default,Default,Default,Default,Default,Default,Default,Default,16,Default,dotNetTips.Spargine.Extensions.BenchmarkTests,ListExtensions,10,60.87 ns,0.153 ns,0.127 ns,0.035 ns,60.54 ns,60.87 ns,60.92 ns,60.94 ns,60.97 ns,"16,427,484.6",0.1527 ns,13.00,4.053,2.000,-1.5315,20,*,No,0.0212,0.0000,0.0000,192 B,171 B
ToObservableCollection,Job-PVYZXO,False,True,Default,Default,Default,Default,Default,1111,Empty,RyuJit,X64,8c5e7fda-e8bf-4a96-9a85-a6e23a8c635c,.NET 5.0,False,True,False,True,Default,Default,False,False,True,Default,Default,Default,Default,Default,.NET 5.0,Default,1,Default,Default,Default,Default,Default,Default,Default,Default,Default,16,Default,dotNetTips.Spargine.Extensions.BenchmarkTests,ListExtensions,25,72.52 ns,0.557 ns,0.465 ns,0.129 ns,71.48 ns,72.40 ns,72.46 ns,72.92 ns,73.02 ns,"13,789,402.2",0.5574 ns,13.00,2.514,2.000,-0.7465,21,*,No,0.0343,0.0000,0.0000,312 B,171 B
ToObservableCollection,Job-PVYZXO,False,True,Default,Default,Default,Default,Default,1111,Empty,RyuJit,X64,8c5e7fda-e8bf-4a96-9a85-a6e23a8c635c,.NET 5.0,False,True,False,True,Default,Default,False,False,True,Default,Default,Default,Default,Default,.NET 5.0,Default,1,Default,Default,Default,Default,Default,Default,Default,Default,Default,16,Default,dotNetTips.Spargine.Extensions.BenchmarkTests,ListExtensions,50,90.30 ns,0.305 ns,0.270 ns,0.072 ns,89.79 ns,90.12 ns,90.30 ns,90.42 ns,90.86 ns,"11,074,178.7",0.3046 ns,14.00,2.552,2.000,0.1317,24,*,No,0.0559,0.0000,0.0000,512 B,171 B
ToObservableCollection,Job-PVYZXO,False,True,Default,Default,Default,Default,Default,1111,Empty,RyuJit,X64,8c5e7fda-e8bf-4a96-9a85-a6e23a8c635c,.NET 5.0,False,True,False,True,Default,Default,False,False,True,Default,Default,Default,Default,Default,.NET 5.0,Default,1,Default,Default,Default,Default,Default,Default,Default,Default,Default,16,Default,dotNetTips.Spargine.Extensions.BenchmarkTests,ListExtensions,100,129.60 ns,0.687 ns,0.609 ns,0.163 ns,128.56 ns,129.24 ns,129.37 ns,130.12 ns,130.50 ns,"7,716,296.6",0.6874 ns,14.00,1.666,2.000,0.2317,28,*,No,0.1016,0.0002,0.0000,912 B,171 B
ToObservableCollection,Job-PVYZXO,False,True,Default,Default,Default,Default,Default,1111,Empty,RyuJit,X64,8c5e7fda-e8bf-4a96-9a85-a6e23a8c635c,.NET 5.0,False,True,False,True,Default,Default,False,False,True,Default,Default,Default,Default,Default,.NET 5.0,Default,1,Default,Default,Default,Default,Default,Default,Default,Default,Default,16,Default,dotNetTips.Spargine.Extensions.BenchmarkTests,ListExtensions,250,242.27 ns,1.398 ns,1.240 ns,0.331 ns,239.63 ns,241.69 ns,241.95 ns,243.33 ns,244.23 ns,"4,127,586.7",1.3985 ns,14.00,2.246,2.000,-0.2743,32,*,No,0.2351,0.0005,0.0000,"2,112 B",171 B
ToObservableCollection,Job-PVYZXO,False,True,Default,Default,Default,Default,Default,1111,Empty,RyuJit,X64,8c5e7fda-e8bf-4a96-9a85-a6e23a8c635c,.NET 5.0,False,True,False,True,Default,Default,False,False,True,Default,Default,Default,Default,Default,.NET 5.0,Default,1,Default,Default,Default,Default,Default,Default,Default,Default,Default,16,Default,dotNetTips.Spargine.Extensions.BenchmarkTests,ListExtensions,500,451.20 ns,4.628 ns,4.329 ns,1.118 ns,443.51 ns,448.96 ns,451.01 ns,454.91 ns,458.65 ns,"2,216,307.4",4.6285 ns,15.00,1.934,2.000,0.0614,36,*,No,0.4563,0.0014,0.0000,"4,112 B",171 B
ToObservableCollection,Job-PVYZXO,False,True,Default,Default,Default,Default,Default,1111,Empty,RyuJit,X64,8c5e7fda-e8bf-4a96-9a85-a6e23a8c635c,.NET 5.0,False,True,False,True,Default,Default,False,False,True,Default,Default,Default,Default,Default,.NET 5.0,Default,1,Default,Default,Default,Default,Default,Default,Default,Default,Default,16,Default,dotNetTips.Spargine.Extensions.BenchmarkTests,ListExtensions,1000,857.60 ns,13.064 ns,12.220 ns,3.155 ns,835.39 ns,848.96 ns,857.45 ns,867.05 ns,875.88 ns,"1,166,050.6",13.0639 ns,15.00,1.680,2.000,-0.2446,43,*,No,0.8860,0.0000,0.0000,"8,112 B",171 B
ToReadOnlyCollection,Job-PVYZXO,False,True,Default,Default,Default,Default,Default,1111,Empty,RyuJit,X64,8c5e7fda-e8bf-4a96-9a85-a6e23a8c635c,.NET 5.0,False,True,False,True,Default,Default,False,False,True,Default,Default,Default,Default,Default,.NET 5.0,Default,1,Default,Default,Default,Default,Default,Default,Default,Default,Default,16,Default,dotNetTips.Spargine.Extensions.BenchmarkTests,ListExtensions,10,15.68 ns,0.022 ns,0.021 ns,0.005 ns,15.64 ns,15.67 ns,15.68 ns,15.69 ns,15.73 ns,"63,777,840.9",0.0221 ns,15.00,2.543,2.000,0.2586,4,*,No,0.0026,0.0000,0.0000,24 B,188 B
ToReadOnlyCollection,Job-PVYZXO,False,True,Default,Default,Default,Default,Default,1111,Empty,RyuJit,X64,8c5e7fda-e8bf-4a96-9a85-a6e23a8c635c,.NET 5.0,False,True,False,True,Default,Default,False,False,True,Default,Default,Default,Default,Default,.NET 5.0,Default,1,Default,Default,Default,Default,Default,Default,Default,Default,Default,16,Default,dotNetTips.Spargine.Extensions.BenchmarkTests,ListExtensions,25,15.67 ns,0.048 ns,0.042 ns,0.011 ns,15.54 ns,15.66 ns,15.67 ns,15.69 ns,15.70 ns,"63,832,496.1",0.0477 ns,14.00,6.145,2.000,-1.8385,4,*,No,0.0026,0.0000,0.0000,24 B,188 B
ToReadOnlyCollection,Job-PVYZXO,False,True,Default,Default,Default,Default,Default,1111,Empty,RyuJit,X64,8c5e7fda-e8bf-4a96-9a85-a6e23a8c635c,.NET 5.0,False,True,False,True,Default,Default,False,False,True,Default,Default,Default,Default,Default,.NET 5.0,Default,1,Default,Default,Default,Default,Default,Default,Default,Default,Default,16,Default,dotNetTips.Spargine.Extensions.BenchmarkTests,ListExtensions,50,15.96 ns,0.055 ns,0.051 ns,0.013 ns,15.87 ns,15.92 ns,15.99 ns,16.00 ns,16.05 ns,"62,655,907.0",0.0547 ns,15.00,1.852,2.000,-0.1582,5,*,No,0.0026,0.0000,0.0000,24 B,188 B
ToReadOnlyCollection,Job-PVYZXO,False,True,Default,Default,Default,Default,Default,1111,Empty,RyuJit,X64,8c5e7fda-e8bf-4a96-9a85-a6e23a8c635c,.NET 5.0,False,True,False,True,Default,Default,False,False,True,Default,Default,Default,Default,Default,.NET 5.0,Default,1,Default,Default,Default,Default,Default,Default,Default,Default,Default,16,Default,dotNetTips.Spargine.Extensions.BenchmarkTests,ListExtensions,100,16.60 ns,0.043 ns,0.041 ns,0.010 ns,16.53 ns,16.57 ns,16.62 ns,16.63 ns,16.66 ns,"60,229,163.7",0.0434 ns,15.00,1.740,2.000,-0.4398,6,*,No,0.0027,0.0000,0.0000,24 B,188 B
ToReadOnlyCollection,Job-PVYZXO,False,True,Default,Default,Default,Default,Default,1111,Empty,RyuJit,X64,8c5e7fda-e8bf-4a96-9a85-a6e23a8c635c,.NET 5.0,False,True,False,True,Default,Default,False,False,True,Default,Default,Default,Default,Default,.NET 5.0,Default,1,Default,Default,Default,Default,Default,Default,Default,Default,Default,16,Default,dotNetTips.Spargine.Extensions.BenchmarkTests,ListExtensions,250,16.49 ns,0.105 ns,0.088 ns,0.024 ns,16.37 ns,16.41 ns,16.50 ns,16.54 ns,16.70 ns,"60,625,067.2",0.1052 ns,13.00,3.085,2.000,0.6312,6,*,No,0.0026,0.0000,0.0000,24 B,188 B
ToReadOnlyCollection,Job-PVYZXO,False,True,Default,Default,Default,Default,Default,1111,Empty,RyuJit,X64,8c5e7fda-e8bf-4a96-9a85-a6e23a8c635c,.NET 5.0,False,True,False,True,Default,Default,False,False,True,Default,Default,Default,Default,Default,.NET 5.0,Default,1,Default,Default,Default,Default,Default,Default,Default,Default,Default,16,Default,dotNetTips.Spargine.Extensions.BenchmarkTests,ListExtensions,500,15.94 ns,0.154 ns,0.129 ns,0.036 ns,15.64 ns,15.93 ns,15.98 ns,16.01 ns,16.11 ns,"62,754,541.7",0.1544 ns,13.00,2.752,2.000,-0.9430,5,*,No,0.0027,0.0000,0.0000,24 B,188 B
ToReadOnlyCollection,Job-PVYZXO,False,True,Default,Default,Default,Default,Default,1111,Empty,RyuJit,X64,8c5e7fda-e8bf-4a96-9a85-a6e23a8c635c,.NET 5.0,False,True,False,True,Default,Default,False,False,True,Default,Default,Default,Default,Default,.NET 5.0,Default,1,Default,Default,Default,Default,Default,Default,Default,Default,Default,16,Default,dotNetTips.Spargine.Extensions.BenchmarkTests,ListExtensions,1000,15.49 ns,0.123 ns,0.115 ns,0.030 ns,15.31 ns,15.39 ns,15.46 ns,15.60 ns,15.69 ns,"64,554,261.6",0.1230 ns,15.00,1.656,2.000,0.2446,4,*,No,0.0026,0.0000,0.0000,24 B,188 B
