Method,Job,AnalyzeLaunchVariance,EvaluateOverhead,MaxAbsoluteError,MaxRelativeError,MinInvokeCount,MinIterationTime,OutlierMode,Affinity,EnvironmentVariables,Jit,Platform,PowerPlanMode,Runtime,AllowVeryLargeObjects,Concurrent,CpuGroups,Force,HeapAffinitizeMask,HeapCount,NoAffinitize,RetainVm,Server,Arguments,BuildConfiguration,Clock,EngineFactory,NuGetReferences,Toolchain,IsMutator,InvocationCount,IterationCount,IterationTime,LaunchCount,MaxIterationCount,MaxWarmupIterationCount,MinIterationCount,MinWarmupIterationCount,RunStrategy,UnrollFactor,WarmupCount,Namespace,Categories,Count,Mean,Error,StdDev,StdErr,Min,Q1,Median,Q3,Max,Op/s,CI99.9% Margin,Iterations,Kurtosis,MValue,Skewness,Rank,LogicalGroup,Baseline,Gen 0,Gen 1,Gen 2,Allocated,Code Size
'FirstOrDefault: Alternate',Job-XTFHVN,False,True,Default,Default,Default,Default,Default,1111,Empty,RyuJit,X64,8c5e7fda-e8bf-4a96-9a85-a6e23a8c635c,.NET Core 5.0,False,True,False,True,Default,Default,False,False,True,Default,Default,Default,Default,Default,.NET Core 5.0,Default,1,Default,Default,Default,Default,Default,Default,Default,Default,16,Default,dotNetTips.Spargine.Extensions.BenchmarkTests,EnumerableExtensions,2,80.582 ns,0.6263 ns,0.5858 ns,0.1513 ns,79.819 ns,80.131 ns,80.422 ns,81.009 ns,81.617 ns,"12,409,696.9",0.6263 ns,15.00,1.5357,2.000,0.1403,15,*,No,0.0105,0.0000,0.0000,96 B,248 B
'FirstOrDefault: Alternate',Job-XTFHVN,False,True,Default,Default,Default,Default,Default,1111,Empty,RyuJit,X64,8c5e7fda-e8bf-4a96-9a85-a6e23a8c635c,.NET Core 5.0,False,True,False,True,Default,Default,False,False,True,Default,Default,Default,Default,Default,.NET Core 5.0,Default,1,Default,Default,Default,Default,Default,Default,Default,Default,16,Default,dotNetTips.Spargine.Extensions.BenchmarkTests,EnumerableExtensions,5,82.113 ns,0.3512 ns,0.3285 ns,0.0848 ns,81.695 ns,81.894 ns,82.014 ns,82.310 ns,82.673 ns,"12,178,391.0",0.3512 ns,15.00,1.7873,2.000,0.5267,16,*,No,0.0104,0.0000,0.0000,96 B,248 B
'FirstOrDefault: Alternate',Job-XTFHVN,False,True,Default,Default,Default,Default,Default,1111,Empty,RyuJit,X64,8c5e7fda-e8bf-4a96-9a85-a6e23a8c635c,.NET Core 5.0,False,True,False,True,Default,Default,False,False,True,Default,Default,Default,Default,Default,.NET Core 5.0,Default,1,Default,Default,Default,Default,Default,Default,Default,Default,16,Default,dotNetTips.Spargine.Extensions.BenchmarkTests,EnumerableExtensions,10,77.853 ns,0.4625 ns,0.4326 ns,0.1117 ns,77.018 ns,77.599 ns,77.920 ns,78.164 ns,78.354 ns,"12,844,683.4",0.4625 ns,15.00,2.2246,2.000,-0.6648,14,*,No,0.0106,0.0000,0.0000,96 B,248 B
'FirstOrDefault: Alternate',Job-XTFHVN,False,True,Default,Default,Default,Default,Default,1111,Empty,RyuJit,X64,8c5e7fda-e8bf-4a96-9a85-a6e23a8c635c,.NET Core 5.0,False,True,False,True,Default,Default,False,False,True,Default,Default,Default,Default,Default,.NET Core 5.0,Default,1,Default,Default,Default,Default,Default,Default,Default,Default,16,Default,dotNetTips.Spargine.Extensions.BenchmarkTests,EnumerableExtensions,25,77.969 ns,0.9106 ns,0.8518 ns,0.2199 ns,77.008 ns,77.233 ns,77.805 ns,78.487 ns,79.789 ns,"12,825,613.5",0.9106 ns,15.00,2.1284,2.000,0.6152,14,*,No,0.0106,0.0000,0.0000,96 B,248 B
'FirstOrDefault: Alternate',Job-XTFHVN,False,True,Default,Default,Default,Default,Default,1111,Empty,RyuJit,X64,8c5e7fda-e8bf-4a96-9a85-a6e23a8c635c,.NET Core 5.0,False,True,False,True,Default,Default,False,False,True,Default,Default,Default,Default,Default,.NET Core 5.0,Default,1,Default,Default,Default,Default,Default,Default,Default,Default,16,Default,dotNetTips.Spargine.Extensions.BenchmarkTests,EnumerableExtensions,50,73.506 ns,0.1705 ns,0.1424 ns,0.0395 ns,73.179 ns,73.514 ns,73.558 ns,73.585 ns,73.694 ns,"13,604,397.1",0.1705 ns,13.00,2.8382,2.000,-0.9989,12,*,No,0.0105,0.0000,0.0000,96 B,248 B
'FirstOrDefault: Alternate',Job-XTFHVN,False,True,Default,Default,Default,Default,Default,1111,Empty,RyuJit,X64,8c5e7fda-e8bf-4a96-9a85-a6e23a8c635c,.NET Core 5.0,False,True,False,True,Default,Default,False,False,True,Default,Default,Default,Default,Default,.NET Core 5.0,Default,1,Default,Default,Default,Default,Default,Default,Default,Default,16,Default,dotNetTips.Spargine.Extensions.BenchmarkTests,EnumerableExtensions,100,74.648 ns,0.2379 ns,0.1986 ns,0.0551 ns,74.350 ns,74.487 ns,74.630 ns,74.792 ns,75.006 ns,"13,396,144.9",0.2379 ns,13.00,1.7623,2.000,0.0658,13,*,No,0.0106,0.0000,0.0000,96 B,248 B
'FirstOrDefault: Alternate',Job-XTFHVN,False,True,Default,Default,Default,Default,Default,1111,Empty,RyuJit,X64,8c5e7fda-e8bf-4a96-9a85-a6e23a8c635c,.NET Core 5.0,False,True,False,True,Default,Default,False,False,True,Default,Default,Default,Default,Default,.NET Core 5.0,Default,1,Default,Default,Default,Default,Default,Default,Default,Default,16,Default,dotNetTips.Spargine.Extensions.BenchmarkTests,EnumerableExtensions,250,75.716 ns,0.2180 ns,0.2039 ns,0.0526 ns,75.402 ns,75.559 ns,75.682 ns,75.903 ns,75.998 ns,"13,207,321.4",0.2180 ns,15.00,1.4033,2.000,0.0344,13,*,No,0.0104,0.0000,0.0000,96 B,248 B
'FirstOrDefault: Alternate',Job-XTFHVN,False,True,Default,Default,Default,Default,Default,1111,Empty,RyuJit,X64,8c5e7fda-e8bf-4a96-9a85-a6e23a8c635c,.NET Core 5.0,False,True,False,True,Default,Default,False,False,True,Default,Default,Default,Default,Default,.NET Core 5.0,Default,1,Default,Default,Default,Default,Default,Default,Default,Default,16,Default,dotNetTips.Spargine.Extensions.BenchmarkTests,EnumerableExtensions,500,75.654 ns,0.1695 ns,0.1585 ns,0.0409 ns,75.330 ns,75.553 ns,75.684 ns,75.752 ns,75.858 ns,"13,218,125.3",0.1695 ns,15.00,2.1525,2.000,-0.5762,13,*,No,0.0105,0.0000,0.0000,96 B,248 B
'FirstOrDefault: Alternate',Job-XTFHVN,False,True,Default,Default,Default,Default,Default,1111,Empty,RyuJit,X64,8c5e7fda-e8bf-4a96-9a85-a6e23a8c635c,.NET Core 5.0,False,True,False,True,Default,Default,False,False,True,Default,Default,Default,Default,Default,.NET Core 5.0,Default,1,Default,Default,Default,Default,Default,Default,Default,Default,16,Default,dotNetTips.Spargine.Extensions.BenchmarkTests,EnumerableExtensions,1000,75.690 ns,0.1617 ns,0.1513 ns,0.0391 ns,75.464 ns,75.580 ns,75.703 ns,75.776 ns,75.984 ns,"13,211,702.6",0.1617 ns,15.00,1.9674,2.000,0.1745,13,*,No,0.0107,0.0000,0.0000,96 B,248 B
"'FirstOrDefault: Predicate, Alternate'",Job-XTFHVN,False,True,Default,Default,Default,Default,Default,1111,Empty,RyuJit,X64,8c5e7fda-e8bf-4a96-9a85-a6e23a8c635c,.NET Core 5.0,False,True,False,True,Default,Default,False,False,True,Default,Default,Default,Default,Default,.NET Core 5.0,Default,1,Default,Default,Default,Default,Default,Default,Default,Default,16,Default,dotNetTips.Spargine.Extensions.BenchmarkTests,EnumerableExtensions,2,101.233 ns,0.7200 ns,0.6734 ns,0.1739 ns,100.042 ns,100.838 ns,101.123 ns,101.649 ns,102.456 ns,"9,878,154.6",0.7200 ns,15.00,2.0217,2.000,0.2709,17,*,No,0.0150,0.0000,0.0000,136 B,417 B
"'FirstOrDefault: Predicate, Alternate'",Job-XTFHVN,False,True,Default,Default,Default,Default,Default,1111,Empty,RyuJit,X64,8c5e7fda-e8bf-4a96-9a85-a6e23a8c635c,.NET Core 5.0,False,True,False,True,Default,Default,False,False,True,Default,Default,Default,Default,Default,.NET Core 5.0,Default,1,Default,Default,Default,Default,Default,Default,Default,Default,16,Default,dotNetTips.Spargine.Extensions.BenchmarkTests,EnumerableExtensions,5,143.208 ns,0.6385 ns,0.5660 ns,0.1513 ns,142.108 ns,142.928 ns,143.376 ns,143.524 ns,143.885 ns,"6,982,846.2",0.6385 ns,14.00,2.2818,2.000,-0.6862,24,*,No,0.0148,0.0000,0.0000,136 B,417 B
"'FirstOrDefault: Predicate, Alternate'",Job-XTFHVN,False,True,Default,Default,Default,Default,Default,1111,Empty,RyuJit,X64,8c5e7fda-e8bf-4a96-9a85-a6e23a8c635c,.NET Core 5.0,False,True,False,True,Default,Default,False,False,True,Default,Default,Default,Default,Default,.NET Core 5.0,Default,1,Default,Default,Default,Default,Default,Default,Default,Default,16,Default,dotNetTips.Spargine.Extensions.BenchmarkTests,EnumerableExtensions,10,203.305 ns,0.4066 ns,0.3804 ns,0.0982 ns,202.671 ns,202.973 ns,203.422 ns,203.538 ns,203.874 ns,"4,918,708.3",0.4066 ns,15.00,1.5796,2.000,-0.0687,28,*,No,0.0150,0.0000,0.0000,136 B,417 B
"'FirstOrDefault: Predicate, Alternate'",Job-XTFHVN,False,True,Default,Default,Default,Default,Default,1111,Empty,RyuJit,X64,8c5e7fda-e8bf-4a96-9a85-a6e23a8c635c,.NET Core 5.0,False,True,False,True,Default,Default,False,False,True,Default,Default,Default,Default,Default,.NET Core 5.0,Default,1,Default,Default,Default,Default,Default,Default,Default,Default,16,Default,dotNetTips.Spargine.Extensions.BenchmarkTests,EnumerableExtensions,25,380.135 ns,0.8120 ns,0.7595 ns,0.1961 ns,378.986 ns,379.619 ns,380.161 ns,380.584 ns,381.351 ns,"2,630,647.7",0.8120 ns,15.00,1.7902,2.000,0.1521,38,*,No,0.0148,0.0000,0.0000,136 B,417 B
"'FirstOrDefault: Predicate, Alternate'",Job-XTFHVN,False,True,Default,Default,Default,Default,Default,1111,Empty,RyuJit,X64,8c5e7fda-e8bf-4a96-9a85-a6e23a8c635c,.NET Core 5.0,False,True,False,True,Default,Default,False,False,True,Default,Default,Default,Default,Default,.NET Core 5.0,Default,1,Default,Default,Default,Default,Default,Default,Default,Default,16,Default,dotNetTips.Spargine.Extensions.BenchmarkTests,EnumerableExtensions,50,657.768 ns,0.8890 ns,0.7881 ns,0.2106 ns,656.039 ns,657.609 ns,657.888 ns,658.078 ns,658.945 ns,"1,520,292.1",0.8890 ns,14.00,2.6434,2.000,-0.5864,45,*,No,0.0143,0.0000,0.0000,136 B,417 B
"'FirstOrDefault: Predicate, Alternate'",Job-XTFHVN,False,True,Default,Default,Default,Default,Default,1111,Empty,RyuJit,X64,8c5e7fda-e8bf-4a96-9a85-a6e23a8c635c,.NET Core 5.0,False,True,False,True,Default,Default,False,False,True,Default,Default,Default,Default,Default,.NET Core 5.0,Default,1,Default,Default,Default,Default,Default,Default,Default,Default,16,Default,dotNetTips.Spargine.Extensions.BenchmarkTests,EnumerableExtensions,100,"1,244.585 ns",7.1290 ns,5.9531 ns,1.6511 ns,"1,233.457 ns","1,242.648 ns","1,244.551 ns","1,245.375 ns","1,257.295 ns","803,480.4",7.1290 ns,13.00,2.9726,2.000,0.3325,55,*,No,0.0134,0.0000,0.0000,136 B,417 B
"'FirstOrDefault: Predicate, Alternate'",Job-XTFHVN,False,True,Default,Default,Default,Default,Default,1111,Empty,RyuJit,X64,8c5e7fda-e8bf-4a96-9a85-a6e23a8c635c,.NET Core 5.0,False,True,False,True,Default,Default,False,False,True,Default,Default,Default,Default,Default,.NET Core 5.0,Default,1,Default,Default,Default,Default,Default,Default,Default,Default,16,Default,dotNetTips.Spargine.Extensions.BenchmarkTests,EnumerableExtensions,250,"2,965.871 ns",9.4554 ns,8.8446 ns,2.2837 ns,"2,948.767 ns","2,961.094 ns","2,966.593 ns","2,972.985 ns","2,977.671 ns","337,169.0",9.4554 ns,15.00,1.9872,2.000,-0.4216,66,*,No,0.0153,0.0000,0.0000,136 B,417 B
"'FirstOrDefault: Predicate, Alternate'",Job-XTFHVN,False,True,Default,Default,Default,Default,Default,1111,Empty,RyuJit,X64,8c5e7fda-e8bf-4a96-9a85-a6e23a8c635c,.NET Core 5.0,False,True,False,True,Default,Default,False,False,True,Default,Default,Default,Default,Default,.NET Core 5.0,Default,1,Default,Default,Default,Default,Default,Default,Default,Default,16,Default,dotNetTips.Spargine.Extensions.BenchmarkTests,EnumerableExtensions,500,"5,771.617 ns",22.3967 ns,20.9499 ns,5.4092 ns,"5,723.059 ns","5,762.564 ns","5,771.226 ns","5,783.569 ns","5,808.432 ns","173,261.7",22.3967 ns,15.00,2.9025,2.000,-0.4478,72,*,No,0.0076,0.0000,0.0000,136 B,417 B
"'FirstOrDefault: Predicate, Alternate'",Job-XTFHVN,False,True,Default,Default,Default,Default,Default,1111,Empty,RyuJit,X64,8c5e7fda-e8bf-4a96-9a85-a6e23a8c635c,.NET Core 5.0,False,True,False,True,Default,Default,False,False,True,Default,Default,Default,Default,Default,.NET Core 5.0,Default,1,Default,Default,Default,Default,Default,Default,Default,Default,16,Default,dotNetTips.Spargine.Extensions.BenchmarkTests,EnumerableExtensions,1000,"12,291.166 ns",106.1106 ns,99.2560 ns,25.6278 ns,"12,205.475 ns","12,221.896 ns","12,244.739 ns","12,346.749 ns","12,486.626 ns","81,359.2",106.1106 ns,15.00,2.0660,2.000,0.9106,81,*,No,0.0000,0.0000,0.0000,136 B,417 B
'ToImmutable: Dictionary',Job-XTFHVN,False,True,Default,Default,Default,Default,Default,1111,Empty,RyuJit,X64,8c5e7fda-e8bf-4a96-9a85-a6e23a8c635c,.NET Core 5.0,False,True,False,True,Default,Default,False,False,True,Default,Default,Default,Default,Default,.NET Core 5.0,Default,1,Default,Default,Default,Default,Default,Default,Default,Default,16,Default,dotNetTips.Spargine.Extensions.BenchmarkTests,EnumerableExtensions,2,313.372 ns,2.6294 ns,2.4596 ns,0.6351 ns,309.485 ns,311.382 ns,312.708 ns,315.315 ns,317.781 ns,"3,191,098.2",2.6294 ns,15.00,1.6345,2.000,0.2080,35,*,No,0.0243,0.0000,0.0000,224 B,156 B
'ToImmutable: Dictionary',Job-XTFHVN,False,True,Default,Default,Default,Default,Default,1111,Empty,RyuJit,X64,8c5e7fda-e8bf-4a96-9a85-a6e23a8c635c,.NET Core 5.0,False,True,False,True,Default,Default,False,False,True,Default,Default,Default,Default,Default,.NET Core 5.0,Default,1,Default,Default,Default,Default,Default,Default,Default,Default,16,Default,dotNetTips.Spargine.Extensions.BenchmarkTests,EnumerableExtensions,5,766.599 ns,6.6471 ns,5.8925 ns,1.5748 ns,754.972 ns,764.928 ns,767.437 ns,769.571 ns,776.514 ns,"1,304,462.3",6.6471 ns,14.00,2.2937,2.000,-0.4157,47,*,No,0.0458,0.0000,0.0000,416 B,156 B
'ToImmutable: Dictionary',Job-XTFHVN,False,True,Default,Default,Default,Default,Default,1111,Empty,RyuJit,X64,8c5e7fda-e8bf-4a96-9a85-a6e23a8c635c,.NET Core 5.0,False,True,False,True,Default,Default,False,False,True,Default,Default,Default,Default,Default,.NET Core 5.0,Default,1,Default,Default,Default,Default,Default,Default,Default,Default,16,Default,dotNetTips.Spargine.Extensions.BenchmarkTests,EnumerableExtensions,10,"1,756.812 ns",5.7056 ns,5.3371 ns,1.3780 ns,"1,744.977 ns","1,754.415 ns","1,757.674 ns","1,760.550 ns","1,763.624 ns","569,213.0",5.7056 ns,15.00,2.5790,2.000,-0.7794,60,*,No,0.0782,0.0000,0.0000,736 B,156 B
'ToImmutable: Dictionary',Job-XTFHVN,False,True,Default,Default,Default,Default,Default,1111,Empty,RyuJit,X64,8c5e7fda-e8bf-4a96-9a85-a6e23a8c635c,.NET Core 5.0,False,True,False,True,Default,Default,False,False,True,Default,Default,Default,Default,Default,.NET Core 5.0,Default,1,Default,Default,Default,Default,Default,Default,Default,Default,16,Default,dotNetTips.Spargine.Extensions.BenchmarkTests,EnumerableExtensions,25,"5,077.002 ns",47.9062 ns,44.8115 ns,11.5703 ns,"4,974.754 ns","5,081.627 ns","5,091.009 ns","5,104.927 ns","5,115.780 ns","196,966.6",47.9062 ns,15.00,2.9244,2.000,-1.2191,70,*,No,0.1831,0.0000,0.0000,1696 B,156 B
'ToImmutable: Dictionary',Job-XTFHVN,False,True,Default,Default,Default,Default,Default,1111,Empty,RyuJit,X64,8c5e7fda-e8bf-4a96-9a85-a6e23a8c635c,.NET Core 5.0,False,True,False,True,Default,Default,False,False,True,Default,Default,Default,Default,Default,.NET Core 5.0,Default,1,Default,Default,Default,Default,Default,Default,Default,Default,16,Default,dotNetTips.Spargine.Extensions.BenchmarkTests,EnumerableExtensions,50,"11,383.451 ns",52.9097 ns,46.9031 ns,12.5354 ns,"11,290.141 ns","11,346.646 ns","11,402.171 ns","11,419.436 ns","11,442.261 ns","87,846.8",52.9097 ns,14.00,1.8584,2.000,-0.5335,78,*,No,0.3662,0.0000,0.0000,3296 B,156 B
'ToImmutable: Dictionary',Job-XTFHVN,False,True,Default,Default,Default,Default,Default,1111,Empty,RyuJit,X64,8c5e7fda-e8bf-4a96-9a85-a6e23a8c635c,.NET Core 5.0,False,True,False,True,Default,Default,False,False,True,Default,Default,Default,Default,Default,.NET Core 5.0,Default,1,Default,Default,Default,Default,Default,Default,Default,Default,16,Default,dotNetTips.Spargine.Extensions.BenchmarkTests,EnumerableExtensions,100,"26,398.225 ns",188.2602 ns,176.0987 ns,45.4685 ns,"26,038.162 ns","26,300.697 ns","26,431.827 ns","26,506.561 ns","26,707.251 ns","37,881.3",188.2602 ns,15.00,2.3294,2.000,-0.2399,84,*,No,0.7019,0.0000,0.0000,6496 B,156 B
'ToImmutable: Dictionary',Job-XTFHVN,False,True,Default,Default,Default,Default,Default,1111,Empty,RyuJit,X64,8c5e7fda-e8bf-4a96-9a85-a6e23a8c635c,.NET Core 5.0,False,True,False,True,Default,Default,False,False,True,Default,Default,Default,Default,Default,.NET Core 5.0,Default,1,Default,Default,Default,Default,Default,Default,Default,Default,16,Default,dotNetTips.Spargine.Extensions.BenchmarkTests,EnumerableExtensions,250,"77,287.339 ns",550.5548 ns,514.9893 ns,132.9697 ns,"76,373.743 ns","76,952.765 ns","77,295.093 ns","77,751.538 ns","78,061.023 ns","12,938.7",550.5548 ns,15.00,1.6522,2.000,-0.1241,89,*,No,1.7090,0.0000,0.0000,16096 B,156 B
'ToImmutable: Dictionary',Job-XTFHVN,False,True,Default,Default,Default,Default,Default,1111,Empty,RyuJit,X64,8c5e7fda-e8bf-4a96-9a85-a6e23a8c635c,.NET Core 5.0,False,True,False,True,Default,Default,False,False,True,Default,Default,Default,Default,Default,.NET Core 5.0,Default,1,Default,Default,Default,Default,Default,Default,Default,Default,16,Default,dotNetTips.Spargine.Extensions.BenchmarkTests,EnumerableExtensions,500,"177,049.315 ns",383.1203 ns,358.3709 ns,92.5310 ns,"176,500.635 ns","176,781.250 ns","176,949.976 ns","177,286.938 ns","177,792.456 ns","5,648.1",383.1203 ns,15.00,2.0779,2.000,0.4386,91,*,No,3.4180,0.0000,0.0000,32096 B,156 B
'ToImmutable: Dictionary',Job-XTFHVN,False,True,Default,Default,Default,Default,Default,1111,Empty,RyuJit,X64,8c5e7fda-e8bf-4a96-9a85-a6e23a8c635c,.NET Core 5.0,False,True,False,True,Default,Default,False,False,True,Default,Default,Default,Default,Default,.NET Core 5.0,Default,1,Default,Default,Default,Default,Default,Default,Default,Default,16,Default,dotNetTips.Spargine.Extensions.BenchmarkTests,EnumerableExtensions,1000,"394,289.069 ns",823.9953 ns,770.7657 ns,199.0109 ns,"393,082.373 ns","393,588.159 ns","394,431.787 ns","394,943.286 ns","395,262.109 ns","2,536.2",823.9953 ns,15.00,1.3070,2.000,-0.2759,92,*,No,6.8359,0.9766,0.0000,64096 B,156 B
'ToImmutable: List',Job-XTFHVN,False,True,Default,Default,Default,Default,Default,1111,Empty,RyuJit,X64,8c5e7fda-e8bf-4a96-9a85-a6e23a8c635c,.NET Core 5.0,False,True,False,True,Default,Default,False,False,True,Default,Default,Default,Default,Default,.NET Core 5.0,Default,1,Default,Default,Default,Default,Default,Default,Default,Default,16,Default,dotNetTips.Spargine.Extensions.BenchmarkTests,EnumerableExtensions,2,110.603 ns,0.3693 ns,0.3083 ns,0.0855 ns,110.223 ns,110.392 ns,110.574 ns,110.656 ns,111.396 ns,"9,041,331.1",0.3693 ns,13.00,3.7791,2.000,1.1720,19,*,No,0.0159,0.0000,0.0000,144 B,156 B
'ToImmutable: List',Job-XTFHVN,False,True,Default,Default,Default,Default,Default,1111,Empty,RyuJit,X64,8c5e7fda-e8bf-4a96-9a85-a6e23a8c635c,.NET Core 5.0,False,True,False,True,Default,Default,False,False,True,Default,Default,Default,Default,Default,.NET Core 5.0,Default,1,Default,Default,Default,Default,Default,Default,Default,Default,16,Default,dotNetTips.Spargine.Extensions.BenchmarkTests,EnumerableExtensions,5,191.100 ns,0.3529 ns,0.3301 ns,0.0852 ns,190.354 ns,190.893 ns,191.101 ns,191.314 ns,191.577 ns,"5,232,864.3",0.3529 ns,15.00,2.5264,2.000,-0.4117,27,*,No,0.0312,0.0000,0.0000,288 B,156 B
'ToImmutable: List',Job-XTFHVN,False,True,Default,Default,Default,Default,Default,1111,Empty,RyuJit,X64,8c5e7fda-e8bf-4a96-9a85-a6e23a8c635c,.NET Core 5.0,False,True,False,True,Default,Default,False,False,True,Default,Default,Default,Default,Default,.NET Core 5.0,Default,1,Default,Default,Default,Default,Default,Default,Default,Default,16,Default,dotNetTips.Spargine.Extensions.BenchmarkTests,EnumerableExtensions,10,324.849 ns,1.8990 ns,1.7763 ns,0.4586 ns,321.144 ns,323.310 ns,324.811 ns,326.336 ns,327.046 ns,"3,078,355.7",1.8990 ns,15.00,1.9019,2.000,-0.4779,36,*,No,0.0572,0.0000,0.0000,528 B,156 B
'ToImmutable: List',Job-XTFHVN,False,True,Default,Default,Default,Default,Default,1111,Empty,RyuJit,X64,8c5e7fda-e8bf-4a96-9a85-a6e23a8c635c,.NET Core 5.0,False,True,False,True,Default,Default,False,False,True,Default,Default,Default,Default,Default,.NET Core 5.0,Default,1,Default,Default,Default,Default,Default,Default,Default,Default,16,Default,dotNetTips.Spargine.Extensions.BenchmarkTests,EnumerableExtensions,25,706.981 ns,2.9308 ns,2.2882 ns,0.6605 ns,701.393 ns,706.976 ns,707.578 ns,708.438 ns,708.956 ns,"1,414,465.1",2.9308 ns,12.00,3.5479,2.000,-1.3652,46,*,No,0.1364,0.0000,0.0000,1248 B,156 B
'ToImmutable: List',Job-XTFHVN,False,True,Default,Default,Default,Default,Default,1111,Empty,RyuJit,X64,8c5e7fda-e8bf-4a96-9a85-a6e23a8c635c,.NET Core 5.0,False,True,False,True,Default,Default,False,False,True,Default,Default,Default,Default,Default,.NET Core 5.0,Default,1,Default,Default,Default,Default,Default,Default,Default,Default,16,Default,dotNetTips.Spargine.Extensions.BenchmarkTests,EnumerableExtensions,50,"1,348.524 ns",8.2415 ns,7.7091 ns,1.9905 ns,"1,333.792 ns","1,341.945 ns","1,351.730 ns","1,354.486 ns","1,357.230 ns","741,551.6",8.2415 ns,15.00,1.7106,2.000,-0.5541,56,*,No,0.2670,0.0000,0.0000,2448 B,156 B
'ToImmutable: List',Job-XTFHVN,False,True,Default,Default,Default,Default,Default,1111,Empty,RyuJit,X64,8c5e7fda-e8bf-4a96-9a85-a6e23a8c635c,.NET Core 5.0,False,True,False,True,Default,Default,False,False,True,Default,Default,Default,Default,Default,.NET Core 5.0,Default,1,Default,Default,Default,Default,Default,Default,Default,Default,16,Default,dotNetTips.Spargine.Extensions.BenchmarkTests,EnumerableExtensions,100,"2,744.979 ns",18.5781 ns,17.3780 ns,4.4870 ns,"2,719.789 ns","2,727.492 ns","2,754.025 ns","2,758.345 ns","2,769.525 ns","364,301.6",18.5781 ns,15.00,1.2970,2.000,-0.1948,65,*,No,0.5302,0.0000,0.0000,4848 B,156 B
'ToImmutable: List',Job-XTFHVN,False,True,Default,Default,Default,Default,Default,1111,Empty,RyuJit,X64,8c5e7fda-e8bf-4a96-9a85-a6e23a8c635c,.NET Core 5.0,False,True,False,True,Default,Default,False,False,True,Default,Default,Default,Default,Default,.NET Core 5.0,Default,1,Default,Default,Default,Default,Default,Default,Default,Default,16,Default,dotNetTips.Spargine.Extensions.BenchmarkTests,EnumerableExtensions,250,"6,381.215 ns",24.0645 ns,22.5099 ns,5.8120 ns,"6,333.890 ns","6,366.608 ns","6,386.643 ns","6,392.347 ns","6,428.992 ns","156,710.0",24.0645 ns,15.00,2.9077,2.000,-0.0784,73,*,No,1.3199,0.0229,0.0000,12048 B,156 B
'ToImmutable: List',Job-XTFHVN,False,True,Default,Default,Default,Default,Default,1111,Empty,RyuJit,X64,8c5e7fda-e8bf-4a96-9a85-a6e23a8c635c,.NET Core 5.0,False,True,False,True,Default,Default,False,False,True,Default,Default,Default,Default,Default,.NET Core 5.0,Default,1,Default,Default,Default,Default,Default,Default,Default,Default,16,Default,dotNetTips.Spargine.Extensions.BenchmarkTests,EnumerableExtensions,500,"12,410.785 ns",135.4759 ns,126.7242 ns,32.7201 ns,"12,281.139 ns","12,320.431 ns","12,341.611 ns","12,522.157 ns","12,628.076 ns","80,575.1",135.4759 ns,15.00,1.6606,2.000,0.7094,81,*,No,2.6398,0.0000,0.0000,24048 B,156 B
'ToImmutable: List',Job-XTFHVN,False,True,Default,Default,Default,Default,Default,1111,Empty,RyuJit,X64,8c5e7fda-e8bf-4a96-9a85-a6e23a8c635c,.NET Core 5.0,False,True,False,True,Default,Default,False,False,True,Default,Default,Default,Default,Default,.NET Core 5.0,Default,1,Default,Default,Default,Default,Default,Default,Default,Default,16,Default,dotNetTips.Spargine.Extensions.BenchmarkTests,EnumerableExtensions,1000,"26,272.366 ns",332.7757 ns,311.2786 ns,80.3718 ns,"25,319.275 ns","26,209.937 ns","26,331.662 ns","26,468.600 ns","26,587.399 ns","38,062.8",332.7757 ns,15.00,6.0637,2.000,-1.7461,84,*,No,5.2185,0.5188,0.0000,48048 B,156 B
Count,Job-XTFHVN,False,True,Default,Default,Default,Default,Default,1111,Empty,RyuJit,X64,8c5e7fda-e8bf-4a96-9a85-a6e23a8c635c,.NET Core 5.0,False,True,False,True,Default,Default,False,False,True,Default,Default,Default,Default,Default,.NET Core 5.0,Default,1,Default,Default,Default,Default,Default,Default,Default,Default,16,Default,dotNetTips.Spargine.Extensions.BenchmarkTests,EnumerableExtensions,2,6.782 ns,0.0184 ns,0.0163 ns,0.0044 ns,6.764 ns,6.771 ns,6.779 ns,6.787 ns,6.815 ns,"147,442,480.2",0.0184 ns,14.00,2.4438,2.000,0.8354,5,*,No,0.0000,0.0000,0.0000,0 B,197 B
Count,Job-XTFHVN,False,True,Default,Default,Default,Default,Default,1111,Empty,RyuJit,X64,8c5e7fda-e8bf-4a96-9a85-a6e23a8c635c,.NET Core 5.0,False,True,False,True,Default,Default,False,False,True,Default,Default,Default,Default,Default,.NET Core 5.0,Default,1,Default,Default,Default,Default,Default,Default,Default,Default,16,Default,dotNetTips.Spargine.Extensions.BenchmarkTests,EnumerableExtensions,5,6.416 ns,0.0251 ns,0.0209 ns,0.0058 ns,6.378 ns,6.410 ns,6.411 ns,6.415 ns,6.462 ns,"155,861,905.1",0.0251 ns,13.00,3.1753,2.000,0.6076,3,*,No,0.0000,0.0000,0.0000,0 B,197 B
Count,Job-XTFHVN,False,True,Default,Default,Default,Default,Default,1111,Empty,RyuJit,X64,8c5e7fda-e8bf-4a96-9a85-a6e23a8c635c,.NET Core 5.0,False,True,False,True,Default,Default,False,False,True,Default,Default,Default,Default,Default,.NET Core 5.0,Default,1,Default,Default,Default,Default,Default,Default,Default,Default,16,Default,dotNetTips.Spargine.Extensions.BenchmarkTests,EnumerableExtensions,10,6.298 ns,0.0365 ns,0.0323 ns,0.0086 ns,6.236 ns,6.273 ns,6.308 ns,6.320 ns,6.339 ns,"158,780,435.3",0.0365 ns,14.00,1.8443,2.000,-0.6156,2,*,No,0.0000,0.0000,0.0000,0 B,197 B
Count,Job-XTFHVN,False,True,Default,Default,Default,Default,Default,1111,Empty,RyuJit,X64,8c5e7fda-e8bf-4a96-9a85-a6e23a8c635c,.NET Core 5.0,False,True,False,True,Default,Default,False,False,True,Default,Default,Default,Default,Default,.NET Core 5.0,Default,1,Default,Default,Default,Default,Default,Default,Default,Default,16,Default,dotNetTips.Spargine.Extensions.BenchmarkTests,EnumerableExtensions,25,6.736 ns,0.0208 ns,0.0184 ns,0.0049 ns,6.707 ns,6.724 ns,6.740 ns,6.745 ns,6.769 ns,"148,453,577.8",0.0208 ns,14.00,1.8586,2.000,-0.0863,5,*,No,0.0000,0.0000,0.0000,0 B,197 B
Count,Job-XTFHVN,False,True,Default,Default,Default,Default,Default,1111,Empty,RyuJit,X64,8c5e7fda-e8bf-4a96-9a85-a6e23a8c635c,.NET Core 5.0,False,True,False,True,Default,Default,False,False,True,Default,Default,Default,Default,Default,.NET Core 5.0,Default,1,Default,Default,Default,Default,Default,Default,Default,Default,16,Default,dotNetTips.Spargine.Extensions.BenchmarkTests,EnumerableExtensions,50,6.828 ns,0.0292 ns,0.0273 ns,0.0071 ns,6.788 ns,6.806 ns,6.826 ns,6.842 ns,6.878 ns,"146,461,334.1",0.0292 ns,15.00,1.8334,2.000,0.2527,5,*,No,0.0000,0.0000,0.0000,0 B,197 B
Count,Job-XTFHVN,False,True,Default,Default,Default,Default,Default,1111,Empty,RyuJit,X64,8c5e7fda-e8bf-4a96-9a85-a6e23a8c635c,.NET Core 5.0,False,True,False,True,Default,Default,False,False,True,Default,Default,Default,Default,Default,.NET Core 5.0,Default,1,Default,Default,Default,Default,Default,Default,Default,Default,16,Default,dotNetTips.Spargine.Extensions.BenchmarkTests,EnumerableExtensions,100,6.572 ns,0.0517 ns,0.0483 ns,0.0125 ns,6.490 ns,6.535 ns,6.575 ns,6.588 ns,6.664 ns,"152,163,284.5",0.0517 ns,15.00,2.1008,2.000,0.2015,4,*,No,0.0000,0.0000,0.0000,0 B,197 B
Count,Job-XTFHVN,False,True,Default,Default,Default,Default,Default,1111,Empty,RyuJit,X64,8c5e7fda-e8bf-4a96-9a85-a6e23a8c635c,.NET Core 5.0,False,True,False,True,Default,Default,False,False,True,Default,Default,Default,Default,Default,.NET Core 5.0,Default,1,Default,Default,Default,Default,Default,Default,Default,Default,16,Default,dotNetTips.Spargine.Extensions.BenchmarkTests,EnumerableExtensions,250,7.203 ns,0.1157 ns,0.1082 ns,0.0279 ns,7.117 ns,7.123 ns,7.139 ns,7.334 ns,7.372 ns,"138,833,959.0",0.1157 ns,15.00,1.3584,2.000,0.6425,6,*,No,0.0000,0.0000,0.0000,0 B,197 B
Count,Job-XTFHVN,False,True,Default,Default,Default,Default,Default,1111,Empty,RyuJit,X64,8c5e7fda-e8bf-4a96-9a85-a6e23a8c635c,.NET Core 5.0,False,True,False,True,Default,Default,False,False,True,Default,Default,Default,Default,Default,.NET Core 5.0,Default,1,Default,Default,Default,Default,Default,Default,Default,Default,16,Default,dotNetTips.Spargine.Extensions.BenchmarkTests,EnumerableExtensions,500,5.995 ns,0.0097 ns,0.0090 ns,0.0023 ns,5.982 ns,5.989 ns,5.995 ns,5.999 ns,6.012 ns,"166,799,924.9",0.0097 ns,15.00,1.9961,2.000,0.2486,1,*,No,0.0000,0.0000,0.0000,0 B,197 B
Count,Job-XTFHVN,False,True,Default,Default,Default,Default,Default,1111,Empty,RyuJit,X64,8c5e7fda-e8bf-4a96-9a85-a6e23a8c635c,.NET Core 5.0,False,True,False,True,Default,Default,False,False,True,Default,Default,Default,Default,Default,.NET Core 5.0,Default,1,Default,Default,Default,Default,Default,Default,Default,Default,16,Default,dotNetTips.Spargine.Extensions.BenchmarkTests,EnumerableExtensions,1000,6.224 ns,0.1243 ns,0.1163 ns,0.0300 ns,6.091 ns,6.105 ns,6.313 ns,6.318 ns,6.375 ns,"160,676,843.3",0.1243 ns,15.00,0.9681,2.000,-0.0847,2,*,No,0.0000,0.0000,0.0000,0 B,197 B
FastAny,Job-XTFHVN,False,True,Default,Default,Default,Default,Default,1111,Empty,RyuJit,X64,8c5e7fda-e8bf-4a96-9a85-a6e23a8c635c,.NET Core 5.0,False,True,False,True,Default,Default,False,False,True,Default,Default,Default,Default,Default,.NET Core 5.0,Default,1,Default,Default,Default,Default,Default,Default,Default,Default,16,Default,dotNetTips.Spargine.Extensions.BenchmarkTests,EnumerableExtensions,2,74.961 ns,0.1516 ns,0.1344 ns,0.0359 ns,74.629 ns,74.926 ns,74.965 ns,75.041 ns,75.208 ns,"13,340,297.3",0.1516 ns,14.00,3.6412,2.000,-0.6311,13,*,No,0.0043,0.0000,0.0000,40 B,407 B
FastAny,Job-XTFHVN,False,True,Default,Default,Default,Default,Default,1111,Empty,RyuJit,X64,8c5e7fda-e8bf-4a96-9a85-a6e23a8c635c,.NET Core 5.0,False,True,False,True,Default,Default,False,False,True,Default,Default,Default,Default,Default,.NET Core 5.0,Default,1,Default,Default,Default,Default,Default,Default,Default,Default,16,Default,dotNetTips.Spargine.Extensions.BenchmarkTests,EnumerableExtensions,5,135.295 ns,0.5453 ns,0.4834 ns,0.1292 ns,134.253 ns,135.039 ns,135.286 ns,135.661 ns,136.080 ns,"7,391,237.0",0.5453 ns,14.00,2.4596,2.000,-0.2833,22,*,No,0.0043,0.0000,0.0000,40 B,407 B
FastAny,Job-XTFHVN,False,True,Default,Default,Default,Default,Default,1111,Empty,RyuJit,X64,8c5e7fda-e8bf-4a96-9a85-a6e23a8c635c,.NET Core 5.0,False,True,False,True,Default,Default,False,False,True,Default,Default,Default,Default,Default,.NET Core 5.0,Default,1,Default,Default,Default,Default,Default,Default,Default,Default,16,Default,dotNetTips.Spargine.Extensions.BenchmarkTests,EnumerableExtensions,10,257.437 ns,2.3396 ns,2.1884 ns,0.5651 ns,254.423 ns,256.157 ns,256.720 ns,259.596 ns,261.509 ns,"3,884,441.6",2.3396 ns,15.00,1.7225,2.000,0.3882,32,*,No,0.0043,0.0000,0.0000,40 B,407 B
FastAny,Job-XTFHVN,False,True,Default,Default,Default,Default,Default,1111,Empty,RyuJit,X64,8c5e7fda-e8bf-4a96-9a85-a6e23a8c635c,.NET Core 5.0,False,True,False,True,Default,Default,False,False,True,Default,Default,Default,Default,Default,.NET Core 5.0,Default,1,Default,Default,Default,Default,Default,Default,Default,Default,16,Default,dotNetTips.Spargine.Extensions.BenchmarkTests,EnumerableExtensions,25,530.152 ns,2.0212 ns,1.5780 ns,0.4555 ns,525.850 ns,530.165 ns,530.567 ns,530.894 ns,531.819 ns,"1,886,250.7",2.0212 ns,12.00,4.8185,2.000,-1.5958,42,*,No,0.0038,0.0000,0.0000,40 B,407 B
FastAny,Job-XTFHVN,False,True,Default,Default,Default,Default,Default,1111,Empty,RyuJit,X64,8c5e7fda-e8bf-4a96-9a85-a6e23a8c635c,.NET Core 5.0,False,True,False,True,Default,Default,False,False,True,Default,Default,Default,Default,Default,.NET Core 5.0,Default,1,Default,Default,Default,Default,Default,Default,Default,Default,16,Default,dotNetTips.Spargine.Extensions.BenchmarkTests,EnumerableExtensions,50,"1,071.350 ns",12.1831 ns,11.3961 ns,2.9425 ns,"1,058.551 ns","1,062.742 ns","1,065.627 ns","1,084.899 ns","1,088.203 ns","933,401.7",12.1831 ns,15.00,1.3147,2.000,0.4228,53,*,No,0.0038,0.0000,0.0000,40 B,407 B
FastAny,Job-XTFHVN,False,True,Default,Default,Default,Default,Default,1111,Empty,RyuJit,X64,8c5e7fda-e8bf-4a96-9a85-a6e23a8c635c,.NET Core 5.0,False,True,False,True,Default,Default,False,False,True,Default,Default,Default,Default,Default,.NET Core 5.0,Default,1,Default,Default,Default,Default,Default,Default,Default,Default,16,Default,dotNetTips.Spargine.Extensions.BenchmarkTests,EnumerableExtensions,100,"2,173.987 ns",4.8929 ns,4.3374 ns,1.1592 ns,"2,165.829 ns","2,171.912 ns","2,174.239 ns","2,176.903 ns","2,180.647 ns","459,984.4",4.8929 ns,14.00,2.3181,2.000,-0.4908,62,*,No,0.0038,0.0000,0.0000,40 B,407 B
FastAny,Job-XTFHVN,False,True,Default,Default,Default,Default,Default,1111,Empty,RyuJit,X64,8c5e7fda-e8bf-4a96-9a85-a6e23a8c635c,.NET Core 5.0,False,True,False,True,Default,Default,False,False,True,Default,Default,Default,Default,Default,.NET Core 5.0,Default,1,Default,Default,Default,Default,Default,Default,Default,Default,16,Default,dotNetTips.Spargine.Extensions.BenchmarkTests,EnumerableExtensions,250,"5,719.848 ns",13.8042 ns,12.9125 ns,3.3340 ns,"5,700.104 ns","5,711.040 ns","5,718.099 ns","5,730.188 ns","5,741.699 ns","174,829.8",13.8042 ns,15.00,1.6847,2.000,-0.0023,72,*,No,0.0000,0.0000,0.0000,40 B,407 B
FastAny,Job-XTFHVN,False,True,Default,Default,Default,Default,Default,1111,Empty,RyuJit,X64,8c5e7fda-e8bf-4a96-9a85-a6e23a8c635c,.NET Core 5.0,False,True,False,True,Default,Default,False,False,True,Default,Default,Default,Default,Default,.NET Core 5.0,Default,1,Default,Default,Default,Default,Default,Default,Default,Default,16,Default,dotNetTips.Spargine.Extensions.BenchmarkTests,EnumerableExtensions,500,"12,473.833 ns",18.8411 ns,17.6240 ns,4.5505 ns,"12,443.942 ns","12,460.616 ns","12,474.132 ns","12,482.469 ns","12,511.584 ns","80,167.8",18.8411 ns,15.00,2.4053,2.000,0.2917,81,*,No,0.0000,0.0000,0.0000,40 B,407 B
FastAny,Job-XTFHVN,False,True,Default,Default,Default,Default,Default,1111,Empty,RyuJit,X64,8c5e7fda-e8bf-4a96-9a85-a6e23a8c635c,.NET Core 5.0,False,True,False,True,Default,Default,False,False,True,Default,Default,Default,Default,Default,.NET Core 5.0,Default,1,Default,Default,Default,Default,Default,Default,Default,Default,16,Default,dotNetTips.Spargine.Extensions.BenchmarkTests,EnumerableExtensions,1000,"26,782.087 ns",43.2990 ns,36.1566 ns,10.0280 ns,"26,715.375 ns","26,755.685 ns","26,778.867 ns","26,810.620 ns","26,834.457 ns","37,338.4",43.2990 ns,13.00,1.7946,2.000,-0.0852,85,*,No,0.0000,0.0000,0.0000,40 B,407 B
FastCount,Job-XTFHVN,False,True,Default,Default,Default,Default,Default,1111,Empty,RyuJit,X64,8c5e7fda-e8bf-4a96-9a85-a6e23a8c635c,.NET Core 5.0,False,True,False,True,Default,Default,False,False,True,Default,Default,Default,Default,Default,.NET Core 5.0,Default,1,Default,Default,Default,Default,Default,Default,Default,Default,16,Default,dotNetTips.Spargine.Extensions.BenchmarkTests,EnumerableExtensions,2,61.651 ns,0.1218 ns,0.1080 ns,0.0289 ns,61.512 ns,61.550 ns,61.666 ns,61.722 ns,61.829 ns,"16,220,425.3",0.1218 ns,14.00,1.4981,2.000,0.1801,10,*,No,0.0043,0.0000,0.0000,40 B,522 B
FastCount,Job-XTFHVN,False,True,Default,Default,Default,Default,Default,1111,Empty,RyuJit,X64,8c5e7fda-e8bf-4a96-9a85-a6e23a8c635c,.NET Core 5.0,False,True,False,True,Default,Default,False,False,True,Default,Default,Default,Default,Default,.NET Core 5.0,Default,1,Default,Default,Default,Default,Default,Default,Default,Default,16,Default,dotNetTips.Spargine.Extensions.BenchmarkTests,EnumerableExtensions,5,135.492 ns,1.7394 ns,1.6271 ns,0.4201 ns,132.910 ns,134.281 ns,135.086 ns,136.571 ns,138.460 ns,"7,380,526.3",1.7394 ns,15.00,1.8076,2.000,0.3042,22,*,No,0.0043,0.0000,0.0000,40 B,522 B
FastCount,Job-XTFHVN,False,True,Default,Default,Default,Default,Default,1111,Empty,RyuJit,X64,8c5e7fda-e8bf-4a96-9a85-a6e23a8c635c,.NET Core 5.0,False,True,False,True,Default,Default,False,False,True,Default,Default,Default,Default,Default,.NET Core 5.0,Default,1,Default,Default,Default,Default,Default,Default,Default,Default,16,Default,dotNetTips.Spargine.Extensions.BenchmarkTests,EnumerableExtensions,10,220.638 ns,0.5270 ns,0.4930 ns,0.1273 ns,219.809 ns,220.305 ns,220.590 ns,221.030 ns,221.443 ns,"4,532,312.2",0.5270 ns,15.00,1.7254,2.000,0.0932,29,*,No,0.0043,0.0000,0.0000,40 B,522 B
FastCount,Job-XTFHVN,False,True,Default,Default,Default,Default,Default,1111,Empty,RyuJit,X64,8c5e7fda-e8bf-4a96-9a85-a6e23a8c635c,.NET Core 5.0,False,True,False,True,Default,Default,False,False,True,Default,Default,Default,Default,Default,.NET Core 5.0,Default,1,Default,Default,Default,Default,Default,Default,Default,Default,16,Default,dotNetTips.Spargine.Extensions.BenchmarkTests,EnumerableExtensions,25,523.240 ns,4.9274 ns,4.3680 ns,1.1674 ns,512.879 ns,520.806 ns,525.116 ns,526.016 ns,527.683 ns,"1,911,168.6",4.9274 ns,14.00,2.7821,2.000,-0.9788,42,*,No,0.0038,0.0000,0.0000,40 B,522 B
FastCount,Job-XTFHVN,False,True,Default,Default,Default,Default,Default,1111,Empty,RyuJit,X64,8c5e7fda-e8bf-4a96-9a85-a6e23a8c635c,.NET Core 5.0,False,True,False,True,Default,Default,False,False,True,Default,Default,Default,Default,Default,.NET Core 5.0,Default,1,Default,Default,Default,Default,Default,Default,Default,Default,16,Default,dotNetTips.Spargine.Extensions.BenchmarkTests,EnumerableExtensions,50,"1,032.755 ns",2.0142 ns,1.8841 ns,0.4865 ns,"1,030.388 ns","1,031.080 ns","1,032.650 ns","1,034.030 ns","1,036.207 ns","968,283.9",2.0142 ns,15.00,1.7196,2.000,0.3494,52,*,No,0.0038,0.0000,0.0000,40 B,522 B
FastCount,Job-XTFHVN,False,True,Default,Default,Default,Default,Default,1111,Empty,RyuJit,X64,8c5e7fda-e8bf-4a96-9a85-a6e23a8c635c,.NET Core 5.0,False,True,False,True,Default,Default,False,False,True,Default,Default,Default,Default,Default,.NET Core 5.0,Default,1,Default,Default,Default,Default,Default,Default,Default,Default,16,Default,dotNetTips.Spargine.Extensions.BenchmarkTests,EnumerableExtensions,100,"2,215.310 ns",8.3438 ns,7.8048 ns,2.0152 ns,"2,205.780 ns","2,208.297 ns","2,214.490 ns","2,221.326 ns","2,229.089 ns","451,404.1",8.3438 ns,15.00,1.5523,2.000,0.2231,63,*,No,0.0038,0.0000,0.0000,40 B,522 B
FastCount,Job-XTFHVN,False,True,Default,Default,Default,Default,Default,1111,Empty,RyuJit,X64,8c5e7fda-e8bf-4a96-9a85-a6e23a8c635c,.NET Core 5.0,False,True,False,True,Default,Default,False,False,True,Default,Default,Default,Default,Default,.NET Core 5.0,Default,1,Default,Default,Default,Default,Default,Default,Default,Default,16,Default,dotNetTips.Spargine.Extensions.BenchmarkTests,EnumerableExtensions,250,"5,518.672 ns",11.5940 ns,10.8451 ns,2.8002 ns,"5,499.290 ns","5,511.781 ns","5,517.566 ns","5,525.823 ns","5,536.209 ns","181,203.0",11.5940 ns,15.00,1.9377,2.000,-0.0420,71,*,No,0.0000,0.0000,0.0000,40 B,522 B
FastCount,Job-XTFHVN,False,True,Default,Default,Default,Default,Default,1111,Empty,RyuJit,X64,8c5e7fda-e8bf-4a96-9a85-a6e23a8c635c,.NET Core 5.0,False,True,False,True,Default,Default,False,False,True,Default,Default,Default,Default,Default,.NET Core 5.0,Default,1,Default,Default,Default,Default,Default,Default,Default,Default,16,Default,dotNetTips.Spargine.Extensions.BenchmarkTests,EnumerableExtensions,500,"11,691.622 ns",18.7433 ns,15.6515 ns,4.3410 ns,"11,666.797 ns","11,684.149 ns","11,690.353 ns","11,704.048 ns","11,718.512 ns","85,531.3",18.7433 ns,13.00,1.8647,2.000,-0.0234,79,*,No,0.0000,0.0000,0.0000,40 B,522 B
FastCount,Job-XTFHVN,False,True,Default,Default,Default,Default,Default,1111,Empty,RyuJit,X64,8c5e7fda-e8bf-4a96-9a85-a6e23a8c635c,.NET Core 5.0,False,True,False,True,Default,Default,False,False,True,Default,Default,Default,Default,Default,.NET Core 5.0,Default,1,Default,Default,Default,Default,Default,Default,Default,Default,16,Default,dotNetTips.Spargine.Extensions.BenchmarkTests,EnumerableExtensions,1000,"26,341.668 ns",75.2554 ns,66.7119 ns,17.8295 ns,"26,217.032 ns","26,297.385 ns","26,335.989 ns","26,392.222 ns","26,456.989 ns","37,962.7",75.2554 ns,14.00,2.0236,2.000,-0.1224,84,*,No,0.0000,0.0000,0.0000,40 B,522 B
FirstOrNull,Job-XTFHVN,False,True,Default,Default,Default,Default,Default,1111,Empty,RyuJit,X64,8c5e7fda-e8bf-4a96-9a85-a6e23a8c635c,.NET Core 5.0,False,True,False,True,Default,Default,False,False,True,Default,Default,Default,Default,Default,.NET Core 5.0,Default,1,Default,Default,Default,Default,Default,Default,Default,Default,16,Default,dotNetTips.Spargine.Extensions.BenchmarkTests,EnumerableExtensions,2,84.179 ns,0.3837 ns,0.3401 ns,0.0909 ns,83.254 ns,84.083 ns,84.190 ns,84.368 ns,84.701 ns,"11,879,482.5",0.3837 ns,14.00,4.4113,2.000,-1.1119,16,*,No,0.0149,0.0000,0.0000,136 B,441 B
FirstOrNull,Job-XTFHVN,False,True,Default,Default,Default,Default,Default,1111,Empty,RyuJit,X64,8c5e7fda-e8bf-4a96-9a85-a6e23a8c635c,.NET Core 5.0,False,True,False,True,Default,Default,False,False,True,Default,Default,Default,Default,Default,.NET Core 5.0,Default,1,Default,Default,Default,Default,Default,Default,Default,Default,16,Default,dotNetTips.Spargine.Extensions.BenchmarkTests,EnumerableExtensions,5,104.799 ns,0.7084 ns,0.6626 ns,0.1711 ns,103.554 ns,104.423 ns,104.836 ns,105.164 ns,105.839 ns,"9,542,069.9",0.7084 ns,15.00,2.0193,2.000,0.0442,18,*,No,0.0175,0.0000,0.0000,160 B,441 B
FirstOrNull,Job-XTFHVN,False,True,Default,Default,Default,Default,Default,1111,Empty,RyuJit,X64,8c5e7fda-e8bf-4a96-9a85-a6e23a8c635c,.NET Core 5.0,False,True,False,True,Default,Default,False,False,True,Default,Default,Default,Default,Default,.NET Core 5.0,Default,1,Default,Default,Default,Default,Default,Default,Default,Default,16,Default,dotNetTips.Spargine.Extensions.BenchmarkTests,EnumerableExtensions,10,139.930 ns,0.3830 ns,0.3582 ns,0.0925 ns,139.034 ns,139.813 ns,140.007 ns,140.104 ns,140.395 ns,"7,146,416.9",0.3830 ns,15.00,3.4027,2.000,-0.9839,23,*,No,0.0222,0.0000,0.0000,200 B,441 B
FirstOrNull,Job-XTFHVN,False,True,Default,Default,Default,Default,Default,1111,Empty,RyuJit,X64,8c5e7fda-e8bf-4a96-9a85-a6e23a8c635c,.NET Core 5.0,False,True,False,True,Default,Default,False,False,True,Default,Default,Default,Default,Default,.NET Core 5.0,Default,1,Default,Default,Default,Default,Default,Default,Default,Default,16,Default,dotNetTips.Spargine.Extensions.BenchmarkTests,EnumerableExtensions,25,248.061 ns,2.6453 ns,2.4744 ns,0.6389 ns,242.420 ns,246.716 ns,247.603 ns,249.304 ns,253.053 ns,"4,031,272.7",2.6453 ns,15.00,3.0974,2.000,-0.1736,31,*,No,0.0343,0.0000,0.0000,320 B,441 B
FirstOrNull,Job-XTFHVN,False,True,Default,Default,Default,Default,Default,1111,Empty,RyuJit,X64,8c5e7fda-e8bf-4a96-9a85-a6e23a8c635c,.NET Core 5.0,False,True,False,True,Default,Default,False,False,True,Default,Default,Default,Default,Default,.NET Core 5.0,Default,1,Default,Default,Default,Default,Default,Default,Default,Default,16,Default,dotNetTips.Spargine.Extensions.BenchmarkTests,EnumerableExtensions,50,410.705 ns,0.7380 ns,0.6542 ns,0.1749 ns,409.409 ns,410.223 ns,410.867 ns,411.033 ns,412.040 ns,"2,434,837.2",0.7380 ns,14.00,2.5770,2.000,-0.0504,39,*,No,0.0567,0.0000,0.0000,520 B,441 B
FirstOrNull,Job-XTFHVN,False,True,Default,Default,Default,Default,Default,1111,Empty,RyuJit,X64,8c5e7fda-e8bf-4a96-9a85-a6e23a8c635c,.NET Core 5.0,False,True,False,True,Default,Default,False,False,True,Default,Default,Default,Default,Default,.NET Core 5.0,Default,1,Default,Default,Default,Default,Default,Default,Default,Default,16,Default,dotNetTips.Spargine.Extensions.BenchmarkTests,EnumerableExtensions,100,812.929 ns,11.5133 ns,10.7695 ns,2.7807 ns,802.358 ns,804.022 ns,805.336 ns,824.625 ns,827.005 ns,"1,230,120.3",11.5133 ns,15.00,1.0633,2.000,0.3353,48,*,No,0.1011,0.0000,0.0000,920 B,441 B
FirstOrNull,Job-XTFHVN,False,True,Default,Default,Default,Default,Default,1111,Empty,RyuJit,X64,8c5e7fda-e8bf-4a96-9a85-a6e23a8c635c,.NET Core 5.0,False,True,False,True,Default,Default,False,False,True,Default,Default,Default,Default,Default,.NET Core 5.0,Default,1,Default,Default,Default,Default,Default,Default,Default,Default,16,Default,dotNetTips.Spargine.Extensions.BenchmarkTests,EnumerableExtensions,250,"1,796.989 ns",3.2352 ns,2.8679 ns,0.7665 ns,"1,791.502 ns","1,795.472 ns","1,797.409 ns","1,799.180 ns","1,800.559 ns","556,486.5",3.2352 ns,14.00,1.9548,2.000,-0.5440,61,*,No,0.2308,0.0000,0.0000,2120 B,441 B
FirstOrNull,Job-XTFHVN,False,True,Default,Default,Default,Default,Default,1111,Empty,RyuJit,X64,8c5e7fda-e8bf-4a96-9a85-a6e23a8c635c,.NET Core 5.0,False,True,False,True,Default,Default,False,False,True,Default,Default,Default,Default,Default,.NET Core 5.0,Default,1,Default,Default,Default,Default,Default,Default,Default,Default,16,Default,dotNetTips.Spargine.Extensions.BenchmarkTests,EnumerableExtensions,500,"3,555.971 ns",44.3146 ns,41.4519 ns,10.7028 ns,"3,518.975 ns","3,523.392 ns","3,534.367 ns","3,608.092 ns","3,616.174 ns","281,217.1",44.3146 ns,15.00,1.3207,2.000,0.5836,68,*,No,0.4539,0.0000,0.0000,4120 B,441 B
FirstOrNull,Job-XTFHVN,False,True,Default,Default,Default,Default,Default,1111,Empty,RyuJit,X64,8c5e7fda-e8bf-4a96-9a85-a6e23a8c635c,.NET Core 5.0,False,True,False,True,Default,Default,False,False,True,Default,Default,Default,Default,Default,.NET Core 5.0,Default,1,Default,Default,Default,Default,Default,Default,Default,Default,16,Default,dotNetTips.Spargine.Extensions.BenchmarkTests,EnumerableExtensions,1000,"7,491.341 ns",106.8836 ns,99.9790 ns,25.8145 ns,"7,383.843 ns","7,404.331 ns","7,419.991 ns","7,594.450 ns","7,606.503 ns","133,487.4",106.8836 ns,15.00,0.9405,2.000,0.1185,75,*,No,0.9003,0.0000,0.0000,8120 B,441 B
StartsWith,Job-XTFHVN,False,True,Default,Default,Default,Default,Default,1111,Empty,RyuJit,X64,8c5e7fda-e8bf-4a96-9a85-a6e23a8c635c,.NET Core 5.0,False,True,False,True,Default,Default,False,False,True,Default,Default,Default,Default,Default,.NET Core 5.0,Default,1,Default,Default,Default,Default,Default,Default,Default,Default,16,Default,dotNetTips.Spargine.Extensions.BenchmarkTests,EnumerableExtensions,2,40.811 ns,0.1762 ns,0.1648 ns,0.0426 ns,40.524 ns,40.702 ns,40.821 ns,40.931 ns,41.103 ns,"24,503,299.7",0.1762 ns,15.00,1.8528,2.000,0.0333,7,*,No,0.0071,0.0000,0.0000,64 B,596 B
StartsWith,Job-XTFHVN,False,True,Default,Default,Default,Default,Default,1111,Empty,RyuJit,X64,8c5e7fda-e8bf-4a96-9a85-a6e23a8c635c,.NET Core 5.0,False,True,False,True,Default,Default,False,False,True,Default,Default,Default,Default,Default,.NET Core 5.0,Default,1,Default,Default,Default,Default,Default,Default,Default,Default,16,Default,dotNetTips.Spargine.Extensions.BenchmarkTests,EnumerableExtensions,5,49.691 ns,0.2635 ns,0.2465 ns,0.0636 ns,49.299 ns,49.515 ns,49.718 ns,49.853 ns,50.136 ns,"20,124,490.8",0.2635 ns,15.00,1.7671,2.000,-0.0458,9,*,No,0.0070,0.0000,0.0000,64 B,596 B
StartsWith,Job-XTFHVN,False,True,Default,Default,Default,Default,Default,1111,Empty,RyuJit,X64,8c5e7fda-e8bf-4a96-9a85-a6e23a8c635c,.NET Core 5.0,False,True,False,True,Default,Default,False,False,True,Default,Default,Default,Default,Default,.NET Core 5.0,Default,1,Default,Default,Default,Default,Default,Default,Default,Default,16,Default,dotNetTips.Spargine.Extensions.BenchmarkTests,EnumerableExtensions,10,82.681 ns,0.1671 ns,0.1563 ns,0.0404 ns,82.412 ns,82.562 ns,82.661 ns,82.805 ns,82.902 ns,"12,094,673.8",0.1671 ns,15.00,1.5998,2.000,-0.1547,16,*,No,0.0070,0.0000,0.0000,64 B,596 B
StartsWith,Job-XTFHVN,False,True,Default,Default,Default,Default,Default,1111,Empty,RyuJit,X64,8c5e7fda-e8bf-4a96-9a85-a6e23a8c635c,.NET Core 5.0,False,True,False,True,Default,Default,False,False,True,Default,Default,Default,Default,Default,.NET Core 5.0,Default,1,Default,Default,Default,Default,Default,Default,Default,Default,16,Default,dotNetTips.Spargine.Extensions.BenchmarkTests,EnumerableExtensions,25,171.002 ns,2.4308 ns,2.1548 ns,0.5759 ns,167.741 ns,169.340 ns,170.677 ns,172.529 ns,174.523 ns,"5,847,882.9",2.4308 ns,14.00,1.5638,2.000,0.2313,26,*,No,0.0072,0.0000,0.0000,64 B,596 B
StartsWith,Job-XTFHVN,False,True,Default,Default,Default,Default,Default,1111,Empty,RyuJit,X64,8c5e7fda-e8bf-4a96-9a85-a6e23a8c635c,.NET Core 5.0,False,True,False,True,Default,Default,False,False,True,Default,Default,Default,Default,Default,.NET Core 5.0,Default,1,Default,Default,Default,Default,Default,Default,Default,Default,16,Default,dotNetTips.Spargine.Extensions.BenchmarkTests,EnumerableExtensions,50,307.108 ns,2.2503 ns,1.9948 ns,0.5331 ns,305.068 ns,306.008 ns,306.235 ns,308.198 ns,311.841 ns,"3,256,184.4",2.2503 ns,14.00,2.8853,2.000,1.0935,34,*,No,0.0067,0.0000,0.0000,64 B,596 B
StartsWith,Job-XTFHVN,False,True,Default,Default,Default,Default,Default,1111,Empty,RyuJit,X64,8c5e7fda-e8bf-4a96-9a85-a6e23a8c635c,.NET Core 5.0,False,True,False,True,Default,Default,False,False,True,Default,Default,Default,Default,Default,.NET Core 5.0,Default,1,Default,Default,Default,Default,Default,Default,Default,Default,16,Default,dotNetTips.Spargine.Extensions.BenchmarkTests,EnumerableExtensions,100,541.901 ns,0.9264 ns,0.8666 ns,0.2237 ns,540.887 ns,541.233 ns,541.491 ns,542.528 ns,543.448 ns,"1,845,353.9",0.9264 ns,15.00,1.7757,2.000,0.5895,43,*,No,0.0067,0.0000,0.0000,64 B,596 B
StartsWith,Job-XTFHVN,False,True,Default,Default,Default,Default,Default,1111,Empty,RyuJit,X64,8c5e7fda-e8bf-4a96-9a85-a6e23a8c635c,.NET Core 5.0,False,True,False,True,Default,Default,False,False,True,Default,Default,Default,Default,Default,.NET Core 5.0,Default,1,Default,Default,Default,Default,Default,Default,Default,Default,16,Default,dotNetTips.Spargine.Extensions.BenchmarkTests,EnumerableExtensions,250,"1,413.774 ns",9.8567 ns,8.7377 ns,2.3352 ns,"1,399.122 ns","1,408.890 ns","1,413.793 ns","1,420.737 ns","1,425.068 ns","707,326.8",9.8567 ns,14.00,1.6670,2.000,-0.1897,57,*,No,0.0057,0.0000,0.0000,64 B,596 B
StartsWith,Job-XTFHVN,False,True,Default,Default,Default,Default,Default,1111,Empty,RyuJit,X64,8c5e7fda-e8bf-4a96-9a85-a6e23a8c635c,.NET Core 5.0,False,True,False,True,Default,Default,False,False,True,Default,Default,Default,Default,Default,.NET Core 5.0,Default,1,Default,Default,Default,Default,Default,Default,Default,Default,16,Default,dotNetTips.Spargine.Extensions.BenchmarkTests,EnumerableExtensions,500,"2,769.061 ns",44.5856 ns,41.7054 ns,10.7683 ns,"2,662.388 ns","2,755.362 ns","2,766.337 ns","2,792.528 ns","2,839.538 ns","361,133.3",44.5856 ns,15.00,3.6490,2.000,-0.6950,65,*,No,0.0038,0.0000,0.0000,64 B,596 B
StartsWith,Job-XTFHVN,False,True,Default,Default,Default,Default,Default,1111,Empty,RyuJit,X64,8c5e7fda-e8bf-4a96-9a85-a6e23a8c635c,.NET Core 5.0,False,True,False,True,Default,Default,False,False,True,Default,Default,Default,Default,Default,.NET Core 5.0,Default,1,Default,Default,Default,Default,Default,Default,Default,Default,16,Default,dotNetTips.Spargine.Extensions.BenchmarkTests,EnumerableExtensions,1000,"5,548.577 ns",28.7482 ns,25.4845 ns,6.8110 ns,"5,507.246 ns","5,534.651 ns","5,544.742 ns","5,574.265 ns","5,580.580 ns","180,226.4",28.7482 ns,14.00,1.4835,2.000,-0.1534,71,*,No,0.0000,0.0000,0.0000,64 B,596 B
StructuralSequenceEqual,Job-XTFHVN,False,True,Default,Default,Default,Default,Default,1111,Empty,RyuJit,X64,8c5e7fda-e8bf-4a96-9a85-a6e23a8c635c,.NET Core 5.0,False,True,False,True,Default,Default,False,False,True,Default,Default,Default,Default,Default,.NET Core 5.0,Default,1,Default,Default,Default,Default,Default,Default,Default,Default,16,Default,dotNetTips.Spargine.Extensions.BenchmarkTests,EnumerableExtensions,2,46.187 ns,0.3844 ns,0.3596 ns,0.0928 ns,45.478 ns,46.025 ns,46.228 ns,46.418 ns,46.736 ns,"21,651,270.0",0.3844 ns,15.00,2.0702,2.000,-0.5177,8,*,No,0.0071,0.0000,0.0000,64 B,634 B
StructuralSequenceEqual,Job-XTFHVN,False,True,Default,Default,Default,Default,Default,1111,Empty,RyuJit,X64,8c5e7fda-e8bf-4a96-9a85-a6e23a8c635c,.NET Core 5.0,False,True,False,True,Default,Default,False,False,True,Default,Default,Default,Default,Default,.NET Core 5.0,Default,1,Default,Default,Default,Default,Default,Default,Default,Default,16,Default,dotNetTips.Spargine.Extensions.BenchmarkTests,EnumerableExtensions,5,62.571 ns,0.4225 ns,0.3953 ns,0.1021 ns,62.057 ns,62.237 ns,62.558 ns,62.934 ns,63.212 ns,"15,981,966.8",0.4225 ns,15.00,1.4883,2.000,0.1308,11,*,No,0.0069,0.0000,0.0000,64 B,634 B
StructuralSequenceEqual,Job-XTFHVN,False,True,Default,Default,Default,Default,Default,1111,Empty,RyuJit,X64,8c5e7fda-e8bf-4a96-9a85-a6e23a8c635c,.NET Core 5.0,False,True,False,True,Default,Default,False,False,True,Default,Default,Default,Default,Default,.NET Core 5.0,Default,1,Default,Default,Default,Default,Default,Default,Default,Default,16,Default,dotNetTips.Spargine.Extensions.BenchmarkTests,EnumerableExtensions,10,123.678 ns,0.3262 ns,0.3051 ns,0.0788 ns,123.256 ns,123.417 ns,123.683 ns,123.873 ns,124.336 ns,"8,085,536.0",0.3262 ns,15.00,2.1567,2.000,0.4512,20,*,No,0.0069,0.0000,0.0000,64 B,634 B
StructuralSequenceEqual,Job-XTFHVN,False,True,Default,Default,Default,Default,Default,1111,Empty,RyuJit,X64,8c5e7fda-e8bf-4a96-9a85-a6e23a8c635c,.NET Core 5.0,False,True,False,True,Default,Default,False,False,True,Default,Default,Default,Default,Default,.NET Core 5.0,Default,1,Default,Default,Default,Default,Default,Default,Default,Default,16,Default,dotNetTips.Spargine.Extensions.BenchmarkTests,EnumerableExtensions,25,237.696 ns,1.8808 ns,1.6672 ns,0.4456 ns,233.106 ns,237.039 ns,237.861 ns,238.490 ns,240.131 ns,"4,207,048.4",1.8808 ns,14.00,4.5783,2.000,-1.1667,30,*,No,0.0067,0.0000,0.0000,64 B,634 B
StructuralSequenceEqual,Job-XTFHVN,False,True,Default,Default,Default,Default,Default,1111,Empty,RyuJit,X64,8c5e7fda-e8bf-4a96-9a85-a6e23a8c635c,.NET Core 5.0,False,True,False,True,Default,Default,False,False,True,Default,Default,Default,Default,Default,.NET Core 5.0,Default,1,Default,Default,Default,Default,Default,Default,Default,Default,16,Default,dotNetTips.Spargine.Extensions.BenchmarkTests,EnumerableExtensions,50,451.866 ns,3.3937 ns,3.1745 ns,0.8197 ns,446.889 ns,450.070 ns,451.179 ns,453.797 ns,457.731 ns,"2,213,043.7",3.3937 ns,15.00,2.1648,2.000,0.4087,40,*,No,0.0067,0.0000,0.0000,64 B,634 B
StructuralSequenceEqual,Job-XTFHVN,False,True,Default,Default,Default,Default,Default,1111,Empty,RyuJit,X64,8c5e7fda-e8bf-4a96-9a85-a6e23a8c635c,.NET Core 5.0,False,True,False,True,Default,Default,False,False,True,Default,Default,Default,Default,Default,.NET Core 5.0,Default,1,Default,Default,Default,Default,Default,Default,Default,Default,16,Default,dotNetTips.Spargine.Extensions.BenchmarkTests,EnumerableExtensions,100,879.306 ns,1.2597 ns,1.1167 ns,0.2984 ns,877.686 ns,878.296 ns,879.280 ns,880.216 ns,881.259 ns,"1,137,260.1",1.2597 ns,14.00,1.5891,2.000,0.2270,50,*,No,0.0067,0.0000,0.0000,64 B,634 B
StructuralSequenceEqual,Job-XTFHVN,False,True,Default,Default,Default,Default,Default,1111,Empty,RyuJit,X64,8c5e7fda-e8bf-4a96-9a85-a6e23a8c635c,.NET Core 5.0,False,True,False,True,Default,Default,False,False,True,Default,Default,Default,Default,Default,.NET Core 5.0,Default,1,Default,Default,Default,Default,Default,Default,Default,Default,16,Default,dotNetTips.Spargine.Extensions.BenchmarkTests,EnumerableExtensions,250,"2,179.524 ns",13.5922 ns,12.7142 ns,3.2828 ns,"2,151.334 ns","2,175.440 ns","2,183.804 ns","2,186.644 ns","2,193.093 ns","458,815.8",13.5922 ns,15.00,2.7996,2.000,-1.0379,62,*,No,0.0038,0.0000,0.0000,64 B,634 B
StructuralSequenceEqual,Job-XTFHVN,False,True,Default,Default,Default,Default,Default,1111,Empty,RyuJit,X64,8c5e7fda-e8bf-4a96-9a85-a6e23a8c635c,.NET Core 5.0,False,True,False,True,Default,Default,False,False,True,Default,Default,Default,Default,Default,.NET Core 5.0,Default,1,Default,Default,Default,Default,Default,Default,Default,Default,16,Default,dotNetTips.Spargine.Extensions.BenchmarkTests,EnumerableExtensions,500,"4,229.753 ns",28.9191 ns,22.5781 ns,6.5177 ns,"4,187.019 ns","4,222.963 ns","4,230.256 ns","4,240.796 ns","4,261.874 ns","236,420.4",28.9191 ns,12.00,2.1705,2.000,-0.3877,69,*,No,0.0000,0.0000,0.0000,64 B,634 B
StructuralSequenceEqual,Job-XTFHVN,False,True,Default,Default,Default,Default,Default,1111,Empty,RyuJit,X64,8c5e7fda-e8bf-4a96-9a85-a6e23a8c635c,.NET Core 5.0,False,True,False,True,Default,Default,False,False,True,Default,Default,Default,Default,Default,.NET Core 5.0,Default,1,Default,Default,Default,Default,Default,Default,Default,Default,16,Default,dotNetTips.Spargine.Extensions.BenchmarkTests,EnumerableExtensions,1000,"8,626.054 ns",7.8620 ns,7.3541 ns,1.8988 ns,"8,610.463 ns","8,621.812 ns","8,626.762 ns","8,630.343 ns","8,639.659 ns","115,927.9",7.8620 ns,15.00,2.4790,2.000,-0.1372,76,*,No,0.0000,0.0000,0.0000,64 B,634 B
ToDelimitedString,Job-XTFHVN,False,True,Default,Default,Default,Default,Default,1111,Empty,RyuJit,X64,8c5e7fda-e8bf-4a96-9a85-a6e23a8c635c,.NET Core 5.0,False,True,False,True,Default,Default,False,False,True,Default,Default,Default,Default,Default,.NET Core 5.0,Default,1,Default,Default,Default,Default,Default,Default,Default,Default,16,Default,dotNetTips.Spargine.Extensions.BenchmarkTests,EnumerableExtensions,2,512.433 ns,1.4399 ns,1.1241 ns,0.3245 ns,510.445 ns,511.735 ns,512.668 ns,513.069 ns,514.600 ns,"1,951,473.0",1.4399 ns,12.00,2.2790,2.000,-0.0436,41,*,No,0.1230,0.0000,0.0000,1112 B,406 B
ToDelimitedString,Job-XTFHVN,False,True,Default,Default,Default,Default,Default,1111,Empty,RyuJit,X64,8c5e7fda-e8bf-4a96-9a85-a6e23a8c635c,.NET Core 5.0,False,True,False,True,Default,Default,False,False,True,Default,Default,Default,Default,Default,.NET Core 5.0,Default,1,Default,Default,Default,Default,Default,Default,Default,Default,16,Default,dotNetTips.Spargine.Extensions.BenchmarkTests,EnumerableExtensions,5,925.253 ns,4.6288 ns,4.3298 ns,1.1180 ns,920.177 ns,921.529 ns,923.690 ns,928.074 ns,933.503 ns,"1,080,785.4",4.6288 ns,15.00,1.6422,2.000,0.3947,51,*,No,0.2337,0.0000,0.0000,2112 B,406 B
ToDelimitedString,Job-XTFHVN,False,True,Default,Default,Default,Default,Default,1111,Empty,RyuJit,X64,8c5e7fda-e8bf-4a96-9a85-a6e23a8c635c,.NET Core 5.0,False,True,False,True,Default,Default,False,False,True,Default,Default,Default,Default,Default,.NET Core 5.0,Default,1,Default,Default,Default,Default,Default,Default,Default,Default,16,Default,dotNetTips.Spargine.Extensions.BenchmarkTests,EnumerableExtensions,10,"1,547.980 ns",14.3322 ns,13.4063 ns,3.4615 ns,"1,526.018 ns","1,537.993 ns","1,544.845 ns","1,558.968 ns","1,566.633 ns","646,003.3",14.3322 ns,15.00,1.4981,2.000,-0.0478,58,*,No,0.4120,0.0000,0.0000,3768 B,406 B
ToDelimitedString,Job-XTFHVN,False,True,Default,Default,Default,Default,Default,1111,Empty,RyuJit,X64,8c5e7fda-e8bf-4a96-9a85-a6e23a8c635c,.NET Core 5.0,False,True,False,True,Default,Default,False,False,True,Default,Default,Default,Default,Default,.NET Core 5.0,Default,1,Default,Default,Default,Default,Default,Default,Default,Default,16,Default,dotNetTips.Spargine.Extensions.BenchmarkTests,EnumerableExtensions,25,"3,422.595 ns",15.2549 ns,14.2694 ns,3.6843 ns,"3,405.418 ns","3,412.449 ns","3,420.980 ns","3,432.060 ns","3,450.687 ns","292,176.0",15.2549 ns,15.00,1.9061,2.000,0.4899,67,*,No,0.9689,0.0038,0.0000,8752 B,406 B
ToDelimitedString,Job-XTFHVN,False,True,Default,Default,Default,Default,Default,1111,Empty,RyuJit,X64,8c5e7fda-e8bf-4a96-9a85-a6e23a8c635c,.NET Core 5.0,False,True,False,True,Default,Default,False,False,True,Default,Default,Default,Default,Default,.NET Core 5.0,Default,1,Default,Default,Default,Default,Default,Default,Default,Default,16,Default,dotNetTips.Spargine.Extensions.BenchmarkTests,EnumerableExtensions,50,"6,578.437 ns",44.4414 ns,41.5706 ns,10.7335 ns,"6,437.147 ns","6,578.992 ns","6,591.953 ns","6,596.436 ns","6,608.179 ns","152,011.8",44.4414 ns,15.00,8.9472,2.000,-2.5716,74,*,No,1.8616,0.0153,0.0000,17048 B,406 B
ToDelimitedString,Job-XTFHVN,False,True,Default,Default,Default,Default,Default,1111,Empty,RyuJit,X64,8c5e7fda-e8bf-4a96-9a85-a6e23a8c635c,.NET Core 5.0,False,True,False,True,Default,Default,False,False,True,Default,Default,Default,Default,Default,.NET Core 5.0,Default,1,Default,Default,Default,Default,Default,Default,Default,Default,16,Default,dotNetTips.Spargine.Extensions.BenchmarkTests,EnumerableExtensions,100,"12,511.228 ns",18.6469 ns,16.5300 ns,4.4178 ns,"12,480.382 ns","12,499.183 ns","12,514.600 ns","12,521.078 ns","12,541.055 ns","79,928.2",18.6469 ns,14.00,2.0484,2.000,-0.0705,81,*,No,3.8300,0.0458,0.0000,33648 B,406 B
ToDelimitedString,Job-XTFHVN,False,True,Default,Default,Default,Default,Default,1111,Empty,RyuJit,X64,8c5e7fda-e8bf-4a96-9a85-a6e23a8c635c,.NET Core 5.0,False,True,False,True,Default,Default,False,False,True,Default,Default,Default,Default,Default,.NET Core 5.0,Default,1,Default,Default,Default,Default,Default,Default,Default,Default,16,Default,dotNetTips.Spargine.Extensions.BenchmarkTests,EnumerableExtensions,250,"31,153.939 ns",221.2061 ns,206.9163 ns,53.4256 ns,"30,759.784 ns","31,004.565 ns","31,191.022 ns","31,283.853 ns","31,558.783 ns","32,098.7",221.2061 ns,15.00,2.2182,2.000,0.0528,86,*,No,9.3384,0.4883,0.0000,83448 B,406 B
ToDelimitedString,Job-XTFHVN,False,True,Default,Default,Default,Default,Default,1111,Empty,RyuJit,X64,8c5e7fda-e8bf-4a96-9a85-a6e23a8c635c,.NET Core 5.0,False,True,False,True,Default,Default,False,False,True,Default,Default,Default,Default,Default,.NET Core 5.0,Default,1,Default,Default,Default,Default,Default,Default,Default,Default,16,Default,dotNetTips.Spargine.Extensions.BenchmarkTests,EnumerableExtensions,500,"61,025.043 ns",147.8540 ns,131.0688 ns,35.0296 ns,"60,807.715 ns","60,914.822 ns","61,028.937 ns","61,143.839 ns","61,188.550 ns","16,386.7",147.8540 ns,14.00,1.3445,2.000,-0.1637,88,*,No,17.7002,1.8311,0.0000,162448 B,406 B
ToDelimitedString,Job-XTFHVN,False,True,Default,Default,Default,Default,Default,1111,Empty,RyuJit,X64,8c5e7fda-e8bf-4a96-9a85-a6e23a8c635c,.NET Core 5.0,False,True,False,True,Default,Default,False,False,True,Default,Default,Default,Default,Default,.NET Core 5.0,Default,1,Default,Default,Default,Default,Default,Default,Default,Default,16,Default,dotNetTips.Spargine.Extensions.BenchmarkTests,EnumerableExtensions,1000,"114,642.640 ns",222.1219 ns,207.7729 ns,53.6467 ns,"114,263.745 ns","114,522.632 ns","114,634.900 ns","114,756.915 ns","115,059.900 ns","8,722.8",222.1219 ns,15.00,2.3948,2.000,0.2486,90,*,No,34.7900,0.0000,0.0000,320520 B,406 B
ToDictionary,Job-XTFHVN,False,True,Default,Default,Default,Default,Default,1111,Empty,RyuJit,X64,8c5e7fda-e8bf-4a96-9a85-a6e23a8c635c,.NET Core 5.0,False,True,False,True,Default,Default,False,False,True,Default,Default,Default,Default,Default,.NET Core 5.0,Default,1,Default,Default,Default,Default,Default,Default,Default,Default,16,Default,dotNetTips.Spargine.Extensions.BenchmarkTests,EnumerableExtensions,2,128.683 ns,0.6592 ns,0.6166 ns,0.1592 ns,127.891 ns,128.257 ns,128.552 ns,128.999 ns,129.966 ns,"7,771,004.7",0.6592 ns,15.00,2.3530,2.000,0.7489,21,*,No,0.0236,0.0000,0.0000,216 B,1141 B
ToDictionary,Job-XTFHVN,False,True,Default,Default,Default,Default,Default,1111,Empty,RyuJit,X64,8c5e7fda-e8bf-4a96-9a85-a6e23a8c635c,.NET Core 5.0,False,True,False,True,Default,Default,False,False,True,Default,Default,Default,Default,Default,.NET Core 5.0,Default,1,Default,Default,Default,Default,Default,Default,Default,Default,16,Default,dotNetTips.Spargine.Extensions.BenchmarkTests,EnumerableExtensions,5,222.905 ns,0.4888 ns,0.4572 ns,0.1180 ns,221.728 ns,222.721 ns,223.064 ns,223.206 ns,223.327 ns,"4,486,218.3",0.4888 ns,15.00,3.3957,2.000,-1.1894,29,*,No,0.0360,0.0000,0.0000,328 B,1141 B
ToDictionary,Job-XTFHVN,False,True,Default,Default,Default,Default,Default,1111,Empty,RyuJit,X64,8c5e7fda-e8bf-4a96-9a85-a6e23a8c635c,.NET Core 5.0,False,True,False,True,Default,Default,False,False,True,Default,Default,Default,Default,Default,.NET Core 5.0,Default,1,Default,Default,Default,Default,Default,Default,Default,Default,16,Default,dotNetTips.Spargine.Extensions.BenchmarkTests,EnumerableExtensions,10,364.387 ns,2.0272 ns,1.8962 ns,0.4896 ns,361.050 ns,363.403 ns,364.833 ns,365.733 ns,366.968 ns,"2,744,338.7",2.0272 ns,15.00,1.8428,2.000,-0.4492,37,*,No,0.0486,0.0000,0.0000,440 B,1141 B
ToDictionary,Job-XTFHVN,False,True,Default,Default,Default,Default,Default,1111,Empty,RyuJit,X64,8c5e7fda-e8bf-4a96-9a85-a6e23a8c635c,.NET Core 5.0,False,True,False,True,Default,Default,False,False,True,Default,Default,Default,Default,Default,.NET Core 5.0,Default,1,Default,Default,Default,Default,Default,Default,Default,Default,16,Default,dotNetTips.Spargine.Extensions.BenchmarkTests,EnumerableExtensions,25,840.896 ns,4.1890 ns,3.7134 ns,0.9924 ns,834.278 ns,838.461 ns,840.453 ns,843.792 ns,846.944 ns,"1,189,208.1",4.1890 ns,14.00,1.8246,2.000,0.0710,49,*,No,0.1030,0.0000,0.0000,944 B,1141 B
ToDictionary,Job-XTFHVN,False,True,Default,Default,Default,Default,Default,1111,Empty,RyuJit,X64,8c5e7fda-e8bf-4a96-9a85-a6e23a8c635c,.NET Core 5.0,False,True,False,True,Default,Default,False,False,True,Default,Default,Default,Default,Default,.NET Core 5.0,Default,1,Default,Default,Default,Default,Default,Default,Default,Default,16,Default,dotNetTips.Spargine.Extensions.BenchmarkTests,EnumerableExtensions,50,"1,643.116 ns",11.8333 ns,11.0689 ns,2.8580 ns,"1,625.133 ns","1,635.756 ns","1,644.162 ns","1,650.550 ns","1,666.170 ns","608,599.6",11.8333 ns,15.00,2.1956,2.000,0.1911,59,*,No,0.1965,0.0000,0.0000,1784 B,1141 B
ToDictionary,Job-XTFHVN,False,True,Default,Default,Default,Default,Default,1111,Empty,RyuJit,X64,8c5e7fda-e8bf-4a96-9a85-a6e23a8c635c,.NET Core 5.0,False,True,False,True,Default,Default,False,False,True,Default,Default,Default,Default,Default,.NET Core 5.0,Default,1,Default,Default,Default,Default,Default,Default,Default,Default,16,Default,dotNetTips.Spargine.Extensions.BenchmarkTests,EnumerableExtensions,100,"3,457.210 ns",36.9302 ns,32.7377 ns,8.7495 ns,"3,406.231 ns","3,440.240 ns","3,448.883 ns","3,473.679 ns","3,521.495 ns","289,250.6",36.9302 ns,14.00,2.1492,2.000,0.5238,67,*,No,0.3395,0.0000,0.0000,3128 B,1141 B
ToDictionary,Job-XTFHVN,False,True,Default,Default,Default,Default,Default,1111,Empty,RyuJit,X64,8c5e7fda-e8bf-4a96-9a85-a6e23a8c635c,.NET Core 5.0,False,True,False,True,Default,Default,False,False,True,Default,Default,Default,Default,Default,.NET Core 5.0,Default,1,Default,Default,Default,Default,Default,Default,Default,Default,16,Default,dotNetTips.Spargine.Extensions.BenchmarkTests,EnumerableExtensions,250,"9,677.224 ns",65.4162 ns,57.9898 ns,15.4984 ns,"9,529.434 ns","9,646.144 ns","9,685.405 ns","9,705.580 ns","9,767.842 ns","103,335.4",65.4162 ns,14.00,3.6920,2.000,-0.7857,77,*,No,0.9155,0.0000,0.0000,8336 B,1141 B
ToDictionary,Job-XTFHVN,False,True,Default,Default,Default,Default,Default,1111,Empty,RyuJit,X64,8c5e7fda-e8bf-4a96-9a85-a6e23a8c635c,.NET Core 5.0,False,True,False,True,Default,Default,False,False,True,Default,Default,Default,Default,Default,.NET Core 5.0,Default,1,Default,Default,Default,Default,Default,Default,Default,Default,16,Default,dotNetTips.Spargine.Extensions.BenchmarkTests,EnumerableExtensions,500,"22,746.013 ns",226.8008 ns,201.0530 ns,53.7337 ns,"22,255.988 ns","22,807.021 ns","22,827.405 ns","22,839.422 ns","22,879.407 ns","43,963.7",226.8008 ns,14.00,4.2001,2.000,-1.7075,82,*,No,1.5869,0.0610,0.0000,14720 B,1141 B
ToDictionary,Job-XTFHVN,False,True,Default,Default,Default,Default,Default,1111,Empty,RyuJit,X64,8c5e7fda-e8bf-4a96-9a85-a6e23a8c635c,.NET Core 5.0,False,True,False,True,Default,Default,False,False,True,Default,Default,Default,Default,Default,.NET Core 5.0,Default,1,Default,Default,Default,Default,Default,Default,Default,Default,16,Default,dotNetTips.Spargine.Extensions.BenchmarkTests,EnumerableExtensions,1000,"49,305.802 ns",108.2234 ns,95.9372 ns,25.6403 ns,"49,172.858 ns","49,231.282 ns","49,294.196 ns","49,374.635 ns","49,503.284 ns","20,281.6",108.2234 ns,14.00,2.0055,2.000,0.3914,87,*,No,3.1738,0.0000,0.0000,31016 B,1141 B
ToLinkedList,Job-XTFHVN,False,True,Default,Default,Default,Default,Default,1111,Empty,RyuJit,X64,8c5e7fda-e8bf-4a96-9a85-a6e23a8c635c,.NET Core 5.0,False,True,False,True,Default,Default,False,False,True,Default,Default,Default,Default,Default,.NET Core 5.0,Default,1,Default,Default,Default,Default,Default,Default,Default,Default,16,Default,dotNetTips.Spargine.Extensions.BenchmarkTests,EnumerableExtensions,2,83.343 ns,0.8703 ns,0.8141 ns,0.2102 ns,81.766 ns,82.773 ns,83.215 ns,84.048 ns,84.822 ns,"11,998,577.5",0.8703 ns,15.00,1.9993,2.000,-0.0348,16,*,No,0.0193,0.0000,0.0000,176 B,171 B
ToLinkedList,Job-XTFHVN,False,True,Default,Default,Default,Default,Default,1111,Empty,RyuJit,X64,8c5e7fda-e8bf-4a96-9a85-a6e23a8c635c,.NET Core 5.0,False,True,False,True,Default,Default,False,False,True,Default,Default,Default,Default,Default,.NET Core 5.0,Default,1,Default,Default,Default,Default,Default,Default,Default,Default,16,Default,dotNetTips.Spargine.Extensions.BenchmarkTests,EnumerableExtensions,5,164.797 ns,1.0756 ns,1.0062 ns,0.2598 ns,163.387 ns,164.069 ns,164.510 ns,165.326 ns,166.815 ns,"6,068,076.8",1.0756 ns,15.00,2.0207,2.000,0.5130,25,*,No,0.0353,0.0000,0.0000,320 B,171 B
ToLinkedList,Job-XTFHVN,False,True,Default,Default,Default,Default,Default,1111,Empty,RyuJit,X64,8c5e7fda-e8bf-4a96-9a85-a6e23a8c635c,.NET Core 5.0,False,True,False,True,Default,Default,False,False,True,Default,Default,Default,Default,Default,.NET Core 5.0,Default,1,Default,Default,Default,Default,Default,Default,Default,Default,16,Default,dotNetTips.Spargine.Extensions.BenchmarkTests,EnumerableExtensions,10,286.036 ns,2.0113 ns,1.8814 ns,0.4858 ns,283.233 ns,284.764 ns,285.866 ns,287.617 ns,289.182 ns,"3,496,066.8",2.0113 ns,15.00,1.6297,2.000,0.2009,33,*,No,0.0615,0.0000,0.0000,560 B,171 B
ToLinkedList,Job-XTFHVN,False,True,Default,Default,Default,Default,Default,1111,Empty,RyuJit,X64,8c5e7fda-e8bf-4a96-9a85-a6e23a8c635c,.NET Core 5.0,False,True,False,True,Default,Default,False,False,True,Default,Default,Default,Default,Default,.NET Core 5.0,Default,1,Default,Default,Default,Default,Default,Default,Default,Default,16,Default,dotNetTips.Spargine.Extensions.BenchmarkTests,EnumerableExtensions,25,614.495 ns,3.0467 ns,2.7009 ns,0.7218 ns,610.891 ns,612.585 ns,613.751 ns,616.225 ns,619.984 ns,"1,627,353.6",3.0467 ns,14.00,2.0161,2.000,0.4564,44,*,No,0.1411,0.0000,0.0000,1280 B,171 B
ToLinkedList,Job-XTFHVN,False,True,Default,Default,Default,Default,Default,1111,Empty,RyuJit,X64,8c5e7fda-e8bf-4a96-9a85-a6e23a8c635c,.NET Core 5.0,False,True,False,True,Default,Default,False,False,True,Default,Default,Default,Default,Default,.NET Core 5.0,Default,1,Default,Default,Default,Default,Default,Default,Default,Default,16,Default,dotNetTips.Spargine.Extensions.BenchmarkTests,EnumerableExtensions,50,"1,222.050 ns",9.9844 ns,9.3394 ns,2.4114 ns,"1,204.863 ns","1,216.212 ns","1,222.450 ns","1,228.007 ns","1,242.597 ns","818,297.2",9.9844 ns,15.00,2.6921,2.000,0.1112,54,*,No,0.2708,0.0000,0.0000,2480 B,171 B
ToLinkedList,Job-XTFHVN,False,True,Default,Default,Default,Default,Default,1111,Empty,RyuJit,X64,8c5e7fda-e8bf-4a96-9a85-a6e23a8c635c,.NET Core 5.0,False,True,False,True,Default,Default,False,False,True,Default,Default,Default,Default,Default,.NET Core 5.0,Default,1,Default,Default,Default,Default,Default,Default,Default,Default,16,Default,dotNetTips.Spargine.Extensions.BenchmarkTests,EnumerableExtensions,100,"2,399.421 ns",16.7986 ns,14.8915 ns,3.9799 ns,"2,371.430 ns","2,396.962 ns","2,403.577 ns","2,407.380 ns","2,419.326 ns","416,767.3",16.7986 ns,14.00,2.1719,2.000,-0.6479,64,*,No,0.5341,0.0038,0.0000,4880 B,171 B
ToLinkedList,Job-XTFHVN,False,True,Default,Default,Default,Default,Default,1111,Empty,RyuJit,X64,8c5e7fda-e8bf-4a96-9a85-a6e23a8c635c,.NET Core 5.0,False,True,False,True,Default,Default,False,False,True,Default,Default,Default,Default,Default,.NET Core 5.0,Default,1,Default,Default,Default,Default,Default,Default,Default,Default,16,Default,dotNetTips.Spargine.Extensions.BenchmarkTests,EnumerableExtensions,250,"5,766.189 ns",40.3972 ns,37.7876 ns,9.7567 ns,"5,679.349 ns","5,751.849 ns","5,772.049 ns","5,794.714 ns","5,815.367 ns","173,424.8",40.3972 ns,15.00,2.6002,2.000,-0.7581,72,*,No,1.3275,0.0381,0.0000,12080 B,171 B
ToLinkedList,Job-XTFHVN,False,True,Default,Default,Default,Default,Default,1111,Empty,RyuJit,X64,8c5e7fda-e8bf-4a96-9a85-a6e23a8c635c,.NET Core 5.0,False,True,False,True,Default,Default,False,False,True,Default,Default,Default,Default,Default,.NET Core 5.0,Default,1,Default,Default,Default,Default,Default,Default,Default,Default,16,Default,dotNetTips.Spargine.Extensions.BenchmarkTests,EnumerableExtensions,500,"12,003.837 ns",78.9715 ns,73.8700 ns,19.0731 ns,"11,872.536 ns","11,946.260 ns","12,010.443 ns","12,056.635 ns","12,120.738 ns","83,306.7",78.9715 ns,15.00,1.7703,2.000,-0.2093,80,*,No,2.6245,0.1526,0.0000,24080 B,171 B
ToLinkedList,Job-XTFHVN,False,True,Default,Default,Default,Default,Default,1111,Empty,RyuJit,X64,8c5e7fda-e8bf-4a96-9a85-a6e23a8c635c,.NET Core 5.0,False,True,False,True,Default,Default,False,False,True,Default,Default,Default,Default,Default,.NET Core 5.0,Default,1,Default,Default,Default,Default,Default,Default,Default,Default,16,Default,dotNetTips.Spargine.Extensions.BenchmarkTests,EnumerableExtensions,1000,"23,967.561 ns",229.4433 ns,214.6214 ns,55.4150 ns,"23,663.461 ns","23,754.445 ns","23,997.342 ns","24,118.445 ns","24,313.635 ns","41,723.1",229.4433 ns,15.00,1.3732,2.000,-0.0676,83,*,No,5.1270,0.0000,0.0000,48080 B,171 B
