Method,Job,AnalyzeLaunchVariance,EvaluateOverhead,MaxAbsoluteError,MaxRelativeError,MinInvokeCount,MinIterationTime,OutlierMode,Affinity,EnvironmentVariables,Jit,Platform,PowerPlanMode,Runtime,AllowVeryLargeObjects,Concurrent,CpuGroups,Force,HeapAffinitizeMask,HeapCount,NoAffinitize,RetainVm,Server,Arguments,BuildConfiguration,Clock,EngineFactory,NuGetReferences,Toolchain,IsMutator,InvocationCount,IterationCount,IterationTime,LaunchCount,MaxIterationCount,MaxWarmupIterationCount,MinIterationCount,MinWarmupIterationCount,RunStrategy,UnrollFactor,WarmupCount,Categories,CollectionCount,Mean,Error,StdDev,Median,Gen 0,Gen 1,Gen 2,Allocated
'ListHashCode:List-Read Only',Job-NPULEA,False,True,Default,Default,Default,Default,Default,1111,Empty,RyuJit,X64,8c5e7fda-e8bf-4a96-9a85-a6e23a8c635c,.NET Core 5.0,False,True,False,True,Default,Default,False,False,True,Default,Default,Default,Default,Default,.NET Core 5.0,Default,1,Default,Default,Default,Default,Default,Default,Default,Default,16,Default,ListExtensions,25,"1,856.420 ns",9.0239 ns,7.9994 ns,"1,855.744 ns",0.0229,0.0000,0.0000,208 B
'ListHashCode:List-Read Only',Job-NPULEA,False,True,Default,Default,Default,Default,Default,1111,Empty,RyuJit,X64,8c5e7fda-e8bf-4a96-9a85-a6e23a8c635c,.NET Core 5.0,False,True,False,True,Default,Default,False,False,True,Default,Default,Default,Default,Default,.NET Core 5.0,Default,1,Default,Default,Default,Default,Default,Default,Default,Default,16,Default,ListExtensions,50,"3,625.320 ns",9.8055 ns,9.1720 ns,"3,621.345 ns",0.0229,0.0000,0.0000,208 B
'ListHashCode:List-Read Only',Job-NPULEA,False,True,Default,Default,Default,Default,Default,1111,Empty,RyuJit,X64,8c5e7fda-e8bf-4a96-9a85-a6e23a8c635c,.NET Core 5.0,False,True,False,True,Default,Default,False,False,True,Default,Default,Default,Default,Default,.NET Core 5.0,Default,1,Default,Default,Default,Default,Default,Default,Default,Default,16,Default,ListExtensions,100,"7,225.397 ns",23.2167 ns,20.5810 ns,"7,217.230 ns",0.0153,0.0000,0.0000,208 B
'ListHashCode:List-Read Only',Job-NPULEA,False,True,Default,Default,Default,Default,Default,1111,Empty,RyuJit,X64,8c5e7fda-e8bf-4a96-9a85-a6e23a8c635c,.NET Core 5.0,False,True,False,True,Default,Default,False,False,True,Default,Default,Default,Default,Default,.NET Core 5.0,Default,1,Default,Default,Default,Default,Default,Default,Default,Default,16,Default,ListExtensions,250,"18,158.066 ns",48.2860 ns,42.8043 ns,"18,143.907 ns",0.0000,0.0000,0.0000,208 B
'ListHashCode:List-Read Only',Job-NPULEA,False,True,Default,Default,Default,Default,Default,1111,Empty,RyuJit,X64,8c5e7fda-e8bf-4a96-9a85-a6e23a8c635c,.NET Core 5.0,False,True,False,True,Default,Default,False,False,True,Default,Default,Default,Default,Default,.NET Core 5.0,Default,1,Default,Default,Default,Default,Default,Default,Default,Default,16,Default,ListExtensions,500,"38,762.373 ns",56.2462 ns,52.6128 ns,"38,759.058 ns",0.0000,0.0000,0.0000,208 B
'ListHashCode:List-Read Only',Job-NPULEA,False,True,Default,Default,Default,Default,Default,1111,Empty,RyuJit,X64,8c5e7fda-e8bf-4a96-9a85-a6e23a8c635c,.NET Core 5.0,False,True,False,True,Default,Default,False,False,True,Default,Default,Default,Default,Default,.NET Core 5.0,Default,1,Default,Default,Default,Default,Default,Default,Default,Default,16,Default,ListExtensions,1000,"79,080.620 ns","1,031.4060 ns",964.7778 ns,"79,742.090 ns",0.0000,0.0000,0.0000,208 B
'Shuffle: With Count',Job-NPULEA,False,True,Default,Default,Default,Default,Default,1111,Empty,RyuJit,X64,8c5e7fda-e8bf-4a96-9a85-a6e23a8c635c,.NET Core 5.0,False,True,False,True,Default,Default,False,False,True,Default,Default,Default,Default,Default,.NET Core 5.0,Default,1,Default,Default,Default,Default,Default,Default,Default,Default,16,Default,ListExtensions,25,51.576 ns,0.1833 ns,0.1715 ns,51.619 ns,0.0095,0.0000,0.0000,88 B
'Shuffle: With Count',Job-NPULEA,False,True,Default,Default,Default,Default,Default,1111,Empty,RyuJit,X64,8c5e7fda-e8bf-4a96-9a85-a6e23a8c635c,.NET Core 5.0,False,True,False,True,Default,Default,False,False,True,Default,Default,Default,Default,Default,.NET Core 5.0,Default,1,Default,Default,Default,Default,Default,Default,Default,Default,16,Default,ListExtensions,50,53.103 ns,0.1310 ns,0.1226 ns,53.081 ns,0.0095,0.0000,0.0000,88 B
'Shuffle: With Count',Job-NPULEA,False,True,Default,Default,Default,Default,Default,1111,Empty,RyuJit,X64,8c5e7fda-e8bf-4a96-9a85-a6e23a8c635c,.NET Core 5.0,False,True,False,True,Default,Default,False,False,True,Default,Default,Default,Default,Default,.NET Core 5.0,Default,1,Default,Default,Default,Default,Default,Default,Default,Default,16,Default,ListExtensions,100,51.162 ns,0.1573 ns,0.1471 ns,51.153 ns,0.0097,0.0000,0.0000,88 B
'Shuffle: With Count',Job-NPULEA,False,True,Default,Default,Default,Default,Default,1111,Empty,RyuJit,X64,8c5e7fda-e8bf-4a96-9a85-a6e23a8c635c,.NET Core 5.0,False,True,False,True,Default,Default,False,False,True,Default,Default,Default,Default,Default,.NET Core 5.0,Default,1,Default,Default,Default,Default,Default,Default,Default,Default,16,Default,ListExtensions,250,63.243 ns,1.0488 ns,0.9810 ns,62.653 ns,0.0097,0.0000,0.0000,88 B
'Shuffle: With Count',Job-NPULEA,False,True,Default,Default,Default,Default,Default,1111,Empty,RyuJit,X64,8c5e7fda-e8bf-4a96-9a85-a6e23a8c635c,.NET Core 5.0,False,True,False,True,Default,Default,False,False,True,Default,Default,Default,Default,Default,.NET Core 5.0,Default,1,Default,Default,Default,Default,Default,Default,Default,Default,16,Default,ListExtensions,500,51.556 ns,0.1196 ns,0.1060 ns,51.537 ns,0.0097,0.0000,0.0000,88 B
'Shuffle: With Count',Job-NPULEA,False,True,Default,Default,Default,Default,Default,1111,Empty,RyuJit,X64,8c5e7fda-e8bf-4a96-9a85-a6e23a8c635c,.NET Core 5.0,False,True,False,True,Default,Default,False,False,True,Default,Default,Default,Default,Default,.NET Core 5.0,Default,1,Default,Default,Default,Default,Default,Default,Default,Default,16,Default,ListExtensions,1000,51.571 ns,0.0834 ns,0.0739 ns,51.569 ns,0.0096,0.0000,0.0000,88 B
AddLast:Array,Job-NPULEA,False,True,Default,Default,Default,Default,Default,1111,Empty,RyuJit,X64,8c5e7fda-e8bf-4a96-9a85-a6e23a8c635c,.NET Core 5.0,False,True,False,True,Default,Default,False,False,True,Default,Default,Default,Default,Default,.NET Core 5.0,Default,1,Default,Default,Default,Default,Default,Default,Default,Default,16,Default,ListExtensions,25,"8,011.098 ns",159.5032 ns,356.7517 ns,"7,942.301 ns",0.6561,0.0000,0.0000,5971 B
AddLast:Array,Job-NPULEA,False,True,Default,Default,Default,Default,Default,1111,Empty,RyuJit,X64,8c5e7fda-e8bf-4a96-9a85-a6e23a8c635c,.NET Core 5.0,False,True,False,True,Default,Default,False,False,True,Default,Default,Default,Default,Default,.NET Core 5.0,Default,1,Default,Default,Default,Default,Default,Default,Default,Default,16,Default,ListExtensions,50,"7,322.217 ns",13.9992 ns,13.0949 ns,"7,317.542 ns",0.6943,0.0000,0.0000,6371 B
AddLast:Array,Job-NPULEA,False,True,Default,Default,Default,Default,Default,1111,Empty,RyuJit,X64,8c5e7fda-e8bf-4a96-9a85-a6e23a8c635c,.NET Core 5.0,False,True,False,True,Default,Default,False,False,True,Default,Default,Default,Default,Default,.NET Core 5.0,Default,1,Default,Default,Default,Default,Default,Default,Default,Default,16,Default,ListExtensions,100,"7,379.479 ns",9.1227 ns,8.5334 ns,"7,379.007 ns",0.7782,0.0000,0.0000,7171 B
AddLast:Array,Job-NPULEA,False,True,Default,Default,Default,Default,Default,1111,Empty,RyuJit,X64,8c5e7fda-e8bf-4a96-9a85-a6e23a8c635c,.NET Core 5.0,False,True,False,True,Default,Default,False,False,True,Default,Default,Default,Default,Default,.NET Core 5.0,Default,1,Default,Default,Default,Default,Default,Default,Default,Default,16,Default,ListExtensions,250,"7,629.478 ns",27.7747 ns,24.6216 ns,"7,617.607 ns",1.0376,0.0000,0.0000,9571 B
AddLast:Array,Job-NPULEA,False,True,Default,Default,Default,Default,Default,1111,Empty,RyuJit,X64,8c5e7fda-e8bf-4a96-9a85-a6e23a8c635c,.NET Core 5.0,False,True,False,True,Default,Default,False,False,True,Default,Default,Default,Default,Default,.NET Core 5.0,Default,1,Default,Default,Default,Default,Default,Default,Default,Default,16,Default,ListExtensions,500,"8,648.434 ns",102.9999 ns,96.3462 ns,"8,579.440 ns",1.4954,0.0000,0.0000,13572 B
AddLast:Array,Job-NPULEA,False,True,Default,Default,Default,Default,Default,1111,Empty,RyuJit,X64,8c5e7fda-e8bf-4a96-9a85-a6e23a8c635c,.NET Core 5.0,False,True,False,True,Default,Default,False,False,True,Default,Default,Default,Default,Default,.NET Core 5.0,Default,1,Default,Default,Default,Default,Default,Default,Default,Default,16,Default,ListExtensions,1000,"8,906.180 ns",17.0025 ns,15.0723 ns,"8,904.199 ns",2.3651,0.0305,0.0000,21572 B
AddLast:List,Job-NPULEA,False,True,Default,Default,Default,Default,Default,1111,Empty,RyuJit,X64,8c5e7fda-e8bf-4a96-9a85-a6e23a8c635c,.NET Core 5.0,False,True,False,True,Default,Default,False,False,True,Default,Default,Default,Default,Default,.NET Core 5.0,Default,1,Default,Default,Default,Default,Default,Default,Default,Default,16,Default,ListExtensions,25,"7,636.924 ns",95.5720 ns,89.3981 ns,"7,698.190 ns",0.6714,0.0000,0.0000,6195 B
AddLast:List,Job-NPULEA,False,True,Default,Default,Default,Default,Default,1111,Empty,RyuJit,X64,8c5e7fda-e8bf-4a96-9a85-a6e23a8c635c,.NET Core 5.0,False,True,False,True,Default,Default,False,False,True,Default,Default,Default,Default,Default,.NET Core 5.0,Default,1,Default,Default,Default,Default,Default,Default,Default,Default,16,Default,ListExtensions,50,"7,438.168 ns",8.6500 ns,7.2232 ns,"7,437.539 ns",0.7401,0.0000,0.0000,6795 B
AddLast:List,Job-NPULEA,False,True,Default,Default,Default,Default,Default,1111,Empty,RyuJit,X64,8c5e7fda-e8bf-4a96-9a85-a6e23a8c635c,.NET Core 5.0,False,True,False,True,Default,Default,False,False,True,Default,Default,Default,Default,Default,.NET Core 5.0,Default,1,Default,Default,Default,Default,Default,Default,Default,Default,16,Default,ListExtensions,100,"7,533.359 ns",17.3012 ns,15.3371 ns,"7,535.486 ns",0.8698,0.0000,0.0000,7996 B
AddLast:List,Job-NPULEA,False,True,Default,Default,Default,Default,Default,1111,Empty,RyuJit,X64,8c5e7fda-e8bf-4a96-9a85-a6e23a8c635c,.NET Core 5.0,False,True,False,True,Default,Default,False,False,True,Default,Default,Default,Default,Default,.NET Core 5.0,Default,1,Default,Default,Default,Default,Default,Default,Default,Default,16,Default,ListExtensions,250,"7,992.725 ns",15.1592 ns,13.4382 ns,"7,994.243 ns",1.2665,0.0000,0.0000,11595 B
AddLast:List,Job-NPULEA,False,True,Default,Default,Default,Default,Default,1111,Empty,RyuJit,X64,8c5e7fda-e8bf-4a96-9a85-a6e23a8c635c,.NET Core 5.0,False,True,False,True,Default,Default,False,False,True,Default,Default,Default,Default,Default,.NET Core 5.0,Default,1,Default,Default,Default,Default,Default,Default,Default,Default,16,Default,ListExtensions,500,"8,829.048 ns",93.4201 ns,87.3852 ns,"8,890.921 ns",1.9379,0.0305,0.0000,17596 B
AddLast:List,Job-NPULEA,False,True,Default,Default,Default,Default,Default,1111,Empty,RyuJit,X64,8c5e7fda-e8bf-4a96-9a85-a6e23a8c635c,.NET Core 5.0,False,True,False,True,Default,Default,False,False,True,Default,Default,Default,Default,Default,.NET Core 5.0,Default,1,Default,Default,Default,Default,Default,Default,Default,Default,16,Default,ListExtensions,1000,"9,461.151 ns",18.3101 ns,16.2314 ns,"9,460.146 ns",3.2654,0.0916,0.0000,29596 B
AreEqual:Array,Job-NPULEA,False,True,Default,Default,Default,Default,Default,1111,Empty,RyuJit,X64,8c5e7fda-e8bf-4a96-9a85-a6e23a8c635c,.NET Core 5.0,False,True,False,True,Default,Default,False,False,True,Default,Default,Default,Default,Default,.NET Core 5.0,Default,1,Default,Default,Default,Default,Default,Default,Default,Default,16,Default,ListExtensions,25,2.141 ns,0.0045 ns,0.0042 ns,2.141 ns,0.0000,0.0000,0.0000,0 B
AreEqual:Array,Job-NPULEA,False,True,Default,Default,Default,Default,Default,1111,Empty,RyuJit,X64,8c5e7fda-e8bf-4a96-9a85-a6e23a8c635c,.NET Core 5.0,False,True,False,True,Default,Default,False,False,True,Default,Default,Default,Default,Default,.NET Core 5.0,Default,1,Default,Default,Default,Default,Default,Default,Default,Default,16,Default,ListExtensions,50,2.167 ns,0.0045 ns,0.0042 ns,2.168 ns,0.0000,0.0000,0.0000,0 B
AreEqual:Array,Job-NPULEA,False,True,Default,Default,Default,Default,Default,1111,Empty,RyuJit,X64,8c5e7fda-e8bf-4a96-9a85-a6e23a8c635c,.NET Core 5.0,False,True,False,True,Default,Default,False,False,True,Default,Default,Default,Default,Default,.NET Core 5.0,Default,1,Default,Default,Default,Default,Default,Default,Default,Default,16,Default,ListExtensions,100,2.156 ns,0.0052 ns,0.0046 ns,2.156 ns,0.0000,0.0000,0.0000,0 B
AreEqual:Array,Job-NPULEA,False,True,Default,Default,Default,Default,Default,1111,Empty,RyuJit,X64,8c5e7fda-e8bf-4a96-9a85-a6e23a8c635c,.NET Core 5.0,False,True,False,True,Default,Default,False,False,True,Default,Default,Default,Default,Default,.NET Core 5.0,Default,1,Default,Default,Default,Default,Default,Default,Default,Default,16,Default,ListExtensions,250,2.120 ns,0.0062 ns,0.0055 ns,2.119 ns,0.0000,0.0000,0.0000,0 B
AreEqual:Array,Job-NPULEA,False,True,Default,Default,Default,Default,Default,1111,Empty,RyuJit,X64,8c5e7fda-e8bf-4a96-9a85-a6e23a8c635c,.NET Core 5.0,False,True,False,True,Default,Default,False,False,True,Default,Default,Default,Default,Default,.NET Core 5.0,Default,1,Default,Default,Default,Default,Default,Default,Default,Default,16,Default,ListExtensions,500,2.292 ns,0.0045 ns,0.0042 ns,2.293 ns,0.0000,0.0000,0.0000,0 B
AreEqual:Array,Job-NPULEA,False,True,Default,Default,Default,Default,Default,1111,Empty,RyuJit,X64,8c5e7fda-e8bf-4a96-9a85-a6e23a8c635c,.NET Core 5.0,False,True,False,True,Default,Default,False,False,True,Default,Default,Default,Default,Default,.NET Core 5.0,Default,1,Default,Default,Default,Default,Default,Default,Default,Default,16,Default,ListExtensions,1000,2.164 ns,0.0053 ns,0.0050 ns,2.165 ns,0.0000,0.0000,0.0000,0 B
AreEqual:List,Job-NPULEA,False,True,Default,Default,Default,Default,Default,1111,Empty,RyuJit,X64,8c5e7fda-e8bf-4a96-9a85-a6e23a8c635c,.NET Core 5.0,False,True,False,True,Default,Default,False,False,True,Default,Default,Default,Default,Default,.NET Core 5.0,Default,1,Default,Default,Default,Default,Default,Default,Default,Default,16,Default,ListExtensions,25,7.530 ns,0.0086 ns,0.0076 ns,7.530 ns,0.0000,0.0000,0.0000,0 B
AreEqual:List,Job-NPULEA,False,True,Default,Default,Default,Default,Default,1111,Empty,RyuJit,X64,8c5e7fda-e8bf-4a96-9a85-a6e23a8c635c,.NET Core 5.0,False,True,False,True,Default,Default,False,False,True,Default,Default,Default,Default,Default,.NET Core 5.0,Default,1,Default,Default,Default,Default,Default,Default,Default,Default,16,Default,ListExtensions,50,7.499 ns,0.0186 ns,0.0156 ns,7.496 ns,0.0000,0.0000,0.0000,0 B
AreEqual:List,Job-NPULEA,False,True,Default,Default,Default,Default,Default,1111,Empty,RyuJit,X64,8c5e7fda-e8bf-4a96-9a85-a6e23a8c635c,.NET Core 5.0,False,True,False,True,Default,Default,False,False,True,Default,Default,Default,Default,Default,.NET Core 5.0,Default,1,Default,Default,Default,Default,Default,Default,Default,Default,16,Default,ListExtensions,100,7.612 ns,0.0199 ns,0.0186 ns,7.608 ns,0.0000,0.0000,0.0000,0 B
AreEqual:List,Job-NPULEA,False,True,Default,Default,Default,Default,Default,1111,Empty,RyuJit,X64,8c5e7fda-e8bf-4a96-9a85-a6e23a8c635c,.NET Core 5.0,False,True,False,True,Default,Default,False,False,True,Default,Default,Default,Default,Default,.NET Core 5.0,Default,1,Default,Default,Default,Default,Default,Default,Default,Default,16,Default,ListExtensions,250,7.620 ns,0.0256 ns,0.0227 ns,7.622 ns,0.0000,0.0000,0.0000,0 B
AreEqual:List,Job-NPULEA,False,True,Default,Default,Default,Default,Default,1111,Empty,RyuJit,X64,8c5e7fda-e8bf-4a96-9a85-a6e23a8c635c,.NET Core 5.0,False,True,False,True,Default,Default,False,False,True,Default,Default,Default,Default,Default,.NET Core 5.0,Default,1,Default,Default,Default,Default,Default,Default,Default,Default,16,Default,ListExtensions,500,7.689 ns,0.1104 ns,0.1032 ns,7.642 ns,0.0000,0.0000,0.0000,0 B
AreEqual:List,Job-NPULEA,False,True,Default,Default,Default,Default,Default,1111,Empty,RyuJit,X64,8c5e7fda-e8bf-4a96-9a85-a6e23a8c635c,.NET Core 5.0,False,True,False,True,Default,Default,False,False,True,Default,Default,Default,Default,Default,.NET Core 5.0,Default,1,Default,Default,Default,Default,Default,Default,Default,Default,16,Default,ListExtensions,1000,7.491 ns,0.0102 ns,0.0090 ns,7.492 ns,0.0000,0.0000,0.0000,0 B
ClearNulls,Job-NPULEA,False,True,Default,Default,Default,Default,Default,1111,Empty,RyuJit,X64,8c5e7fda-e8bf-4a96-9a85-a6e23a8c635c,.NET Core 5.0,False,True,False,True,Default,Default,False,False,True,Default,Default,Default,Default,Default,.NET Core 5.0,Default,1,Default,Default,Default,Default,Default,Default,Default,Default,16,Default,ListExtensions,25,76.926 ns,0.0997 ns,0.0933 ns,76.934 ns,0.0000,0.0000,0.0000,0 B
ClearNulls,Job-NPULEA,False,True,Default,Default,Default,Default,Default,1111,Empty,RyuJit,X64,8c5e7fda-e8bf-4a96-9a85-a6e23a8c635c,.NET Core 5.0,False,True,False,True,Default,Default,False,False,True,Default,Default,Default,Default,Default,.NET Core 5.0,Default,1,Default,Default,Default,Default,Default,Default,Default,Default,16,Default,ListExtensions,50,126.493 ns,0.3474 ns,0.3080 ns,126.417 ns,0.0000,0.0000,0.0000,0 B
ClearNulls,Job-NPULEA,False,True,Default,Default,Default,Default,Default,1111,Empty,RyuJit,X64,8c5e7fda-e8bf-4a96-9a85-a6e23a8c635c,.NET Core 5.0,False,True,False,True,Default,Default,False,False,True,Default,Default,Default,Default,Default,.NET Core 5.0,Default,1,Default,Default,Default,Default,Default,Default,Default,Default,16,Default,ListExtensions,100,226.029 ns,0.4643 ns,0.4116 ns,225.893 ns,0.0000,0.0000,0.0000,0 B
ClearNulls,Job-NPULEA,False,True,Default,Default,Default,Default,Default,1111,Empty,RyuJit,X64,8c5e7fda-e8bf-4a96-9a85-a6e23a8c635c,.NET Core 5.0,False,True,False,True,Default,Default,False,False,True,Default,Default,Default,Default,Default,.NET Core 5.0,Default,1,Default,Default,Default,Default,Default,Default,Default,Default,16,Default,ListExtensions,250,529.036 ns,1.5495 ns,1.4494 ns,528.587 ns,0.0000,0.0000,0.0000,0 B
ClearNulls,Job-NPULEA,False,True,Default,Default,Default,Default,Default,1111,Empty,RyuJit,X64,8c5e7fda-e8bf-4a96-9a85-a6e23a8c635c,.NET Core 5.0,False,True,False,True,Default,Default,False,False,True,Default,Default,Default,Default,Default,.NET Core 5.0,Default,1,Default,Default,Default,Default,Default,Default,Default,Default,16,Default,ListExtensions,500,"1,082.596 ns",0.3317 ns,0.2941 ns,"1,082.621 ns",0.0000,0.0000,0.0000,0 B
ClearNulls,Job-NPULEA,False,True,Default,Default,Default,Default,Default,1111,Empty,RyuJit,X64,8c5e7fda-e8bf-4a96-9a85-a6e23a8c635c,.NET Core 5.0,False,True,False,True,Default,Default,False,False,True,Default,Default,Default,Default,Default,.NET Core 5.0,Default,1,Default,Default,Default,Default,Default,Default,Default,Default,16,Default,ListExtensions,1000,"2,038.415 ns",2.3791 ns,1.9867 ns,"2,037.560 ns",0.0000,0.0000,0.0000,0 B
CopyToList,Job-NPULEA,False,True,Default,Default,Default,Default,Default,1111,Empty,RyuJit,X64,8c5e7fda-e8bf-4a96-9a85-a6e23a8c635c,.NET Core 5.0,False,True,False,True,Default,Default,False,False,True,Default,Default,Default,Default,Default,.NET Core 5.0,Default,1,Default,Default,Default,Default,Default,Default,Default,Default,16,Default,ListExtensions,25,55.518 ns,0.3890 ns,0.3639 ns,55.523 ns,0.0278,0.0000,0.0000,256 B
CopyToList,Job-NPULEA,False,True,Default,Default,Default,Default,Default,1111,Empty,RyuJit,X64,8c5e7fda-e8bf-4a96-9a85-a6e23a8c635c,.NET Core 5.0,False,True,False,True,Default,Default,False,False,True,Default,Default,Default,Default,Default,.NET Core 5.0,Default,1,Default,Default,Default,Default,Default,Default,Default,Default,16,Default,ListExtensions,50,71.657 ns,0.1147 ns,0.1017 ns,71.692 ns,0.0495,0.0000,0.0000,456 B
CopyToList,Job-NPULEA,False,True,Default,Default,Default,Default,Default,1111,Empty,RyuJit,X64,8c5e7fda-e8bf-4a96-9a85-a6e23a8c635c,.NET Core 5.0,False,True,False,True,Default,Default,False,False,True,Default,Default,Default,Default,Default,.NET Core 5.0,Default,1,Default,Default,Default,Default,Default,Default,Default,Default,16,Default,ListExtensions,100,106.194 ns,0.1308 ns,0.1224 ns,106.195 ns,0.0932,0.0001,0.0000,856 B
CopyToList,Job-NPULEA,False,True,Default,Default,Default,Default,Default,1111,Empty,RyuJit,X64,8c5e7fda-e8bf-4a96-9a85-a6e23a8c635c,.NET Core 5.0,False,True,False,True,Default,Default,False,False,True,Default,Default,Default,Default,Default,.NET Core 5.0,Default,1,Default,Default,Default,Default,Default,Default,Default,Default,16,Default,ListExtensions,250,212.280 ns,1.3667 ns,1.2784 ns,212.912 ns,0.2251,0.0002,0.0000,2056 B
CopyToList,Job-NPULEA,False,True,Default,Default,Default,Default,Default,1111,Empty,RyuJit,X64,8c5e7fda-e8bf-4a96-9a85-a6e23a8c635c,.NET Core 5.0,False,True,False,True,Default,Default,False,False,True,Default,Default,Default,Default,Default,.NET Core 5.0,Default,1,Default,Default,Default,Default,Default,Default,Default,Default,16,Default,ListExtensions,500,399.551 ns,5.2610 ns,4.9211 ns,398.201 ns,0.4482,0.0038,0.0000,4056 B
CopyToList,Job-NPULEA,False,True,Default,Default,Default,Default,Default,1111,Empty,RyuJit,X64,8c5e7fda-e8bf-4a96-9a85-a6e23a8c635c,.NET Core 5.0,False,True,False,True,Default,Default,False,False,True,Default,Default,Default,Default,Default,.NET Core 5.0,Default,1,Default,Default,Default,Default,Default,Default,Default,Default,16,Default,ListExtensions,1000,784.840 ns,8.8645 ns,8.2919 ns,789.322 ns,0.8955,0.0000,0.0000,8056 B
IndexOf,Job-NPULEA,False,True,Default,Default,Default,Default,Default,1111,Empty,RyuJit,X64,8c5e7fda-e8bf-4a96-9a85-a6e23a8c635c,.NET Core 5.0,False,True,False,True,Default,Default,False,False,True,Default,Default,Default,Default,Default,.NET Core 5.0,Default,1,Default,Default,Default,Default,Default,Default,Default,Default,16,Default,ListExtensions,25,160.283 ns,2.0314 ns,1.9002 ns,161.241 ns,0.0000,0.0000,0.0000,0 B
IndexOf,Job-NPULEA,False,True,Default,Default,Default,Default,Default,1111,Empty,RyuJit,X64,8c5e7fda-e8bf-4a96-9a85-a6e23a8c635c,.NET Core 5.0,False,True,False,True,Default,Default,False,False,True,Default,Default,Default,Default,Default,.NET Core 5.0,Default,1,Default,Default,Default,Default,Default,Default,Default,Default,16,Default,ListExtensions,50,276.879 ns,0.5626 ns,0.4987 ns,276.921 ns,0.0000,0.0000,0.0000,0 B
IndexOf,Job-NPULEA,False,True,Default,Default,Default,Default,Default,1111,Empty,RyuJit,X64,8c5e7fda-e8bf-4a96-9a85-a6e23a8c635c,.NET Core 5.0,False,True,False,True,Default,Default,False,False,True,Default,Default,Default,Default,Default,.NET Core 5.0,Default,1,Default,Default,Default,Default,Default,Default,Default,Default,16,Default,ListExtensions,100,537.217 ns,0.6070 ns,0.5069 ns,537.100 ns,0.0000,0.0000,0.0000,0 B
IndexOf,Job-NPULEA,False,True,Default,Default,Default,Default,Default,1111,Empty,RyuJit,X64,8c5e7fda-e8bf-4a96-9a85-a6e23a8c635c,.NET Core 5.0,False,True,False,True,Default,Default,False,False,True,Default,Default,Default,Default,Default,.NET Core 5.0,Default,1,Default,Default,Default,Default,Default,Default,Default,Default,16,Default,ListExtensions,250,"1,301.209 ns",4.2488 ns,3.7665 ns,"1,300.879 ns",0.0000,0.0000,0.0000,0 B
IndexOf,Job-NPULEA,False,True,Default,Default,Default,Default,Default,1111,Empty,RyuJit,X64,8c5e7fda-e8bf-4a96-9a85-a6e23a8c635c,.NET Core 5.0,False,True,False,True,Default,Default,False,False,True,Default,Default,Default,Default,Default,.NET Core 5.0,Default,1,Default,Default,Default,Default,Default,Default,Default,Default,16,Default,ListExtensions,500,"2,519.347 ns",32.1359 ns,30.0599 ns,"2,528.525 ns",0.0000,0.0000,0.0000,0 B
IndexOf,Job-NPULEA,False,True,Default,Default,Default,Default,Default,1111,Empty,RyuJit,X64,8c5e7fda-e8bf-4a96-9a85-a6e23a8c635c,.NET Core 5.0,False,True,False,True,Default,Default,False,False,True,Default,Default,Default,Default,Default,.NET Core 5.0,Default,1,Default,Default,Default,Default,Default,Default,Default,Default,16,Default,ListExtensions,1000,"5,125.655 ns",5.5734 ns,4.9406 ns,"5,125.725 ns",0.0000,0.0000,0.0000,0 B
IndexOf:Comparer,Job-NPULEA,False,True,Default,Default,Default,Default,Default,1111,Empty,RyuJit,X64,8c5e7fda-e8bf-4a96-9a85-a6e23a8c635c,.NET Core 5.0,False,True,False,True,Default,Default,False,False,True,Default,Default,Default,Default,Default,.NET Core 5.0,Default,1,Default,Default,Default,Default,Default,Default,Default,Default,16,Default,ListExtensions,25,"1,390.175 ns",0.9726 ns,0.8622 ns,"1,390.448 ns",0.0534,0.0000,0.0000,504 B
IndexOf:Comparer,Job-NPULEA,False,True,Default,Default,Default,Default,Default,1111,Empty,RyuJit,X64,8c5e7fda-e8bf-4a96-9a85-a6e23a8c635c,.NET Core 5.0,False,True,False,True,Default,Default,False,False,True,Default,Default,Default,Default,Default,.NET Core 5.0,Default,1,Default,Default,Default,Default,Default,Default,Default,Default,16,Default,ListExtensions,50,"2,485.647 ns",31.8252 ns,29.7693 ns,"2,471.488 ns",0.0534,0.0000,0.0000,504 B
IndexOf:Comparer,Job-NPULEA,False,True,Default,Default,Default,Default,Default,1111,Empty,RyuJit,X64,8c5e7fda-e8bf-4a96-9a85-a6e23a8c635c,.NET Core 5.0,False,True,False,True,Default,Default,False,False,True,Default,Default,Default,Default,Default,.NET Core 5.0,Default,1,Default,Default,Default,Default,Default,Default,Default,Default,16,Default,ListExtensions,100,"4,670.332 ns",22.0987 ns,19.5900 ns,"4,672.003 ns",0.0534,0.0000,0.0000,504 B
IndexOf:Comparer,Job-NPULEA,False,True,Default,Default,Default,Default,Default,1111,Empty,RyuJit,X64,8c5e7fda-e8bf-4a96-9a85-a6e23a8c635c,.NET Core 5.0,False,True,False,True,Default,Default,False,False,True,Default,Default,Default,Default,Default,.NET Core 5.0,Default,1,Default,Default,Default,Default,Default,Default,Default,Default,16,Default,ListExtensions,250,"11,410.094 ns",55.2572 ns,51.6876 ns,"11,413.917 ns",0.0458,0.0000,0.0000,504 B
IndexOf:Comparer,Job-NPULEA,False,True,Default,Default,Default,Default,Default,1111,Empty,RyuJit,X64,8c5e7fda-e8bf-4a96-9a85-a6e23a8c635c,.NET Core 5.0,False,True,False,True,Default,Default,False,False,True,Default,Default,Default,Default,Default,.NET Core 5.0,Default,1,Default,Default,Default,Default,Default,Default,Default,Default,16,Default,ListExtensions,500,"23,646.300 ns",40.8783 ns,34.1352 ns,"23,637.361 ns",0.0305,0.0000,0.0000,504 B
IndexOf:Comparer,Job-NPULEA,False,True,Default,Default,Default,Default,Default,1111,Empty,RyuJit,X64,8c5e7fda-e8bf-4a96-9a85-a6e23a8c635c,.NET Core 5.0,False,True,False,True,Default,Default,False,False,True,Default,Default,Default,Default,Default,.NET Core 5.0,Default,1,Default,Default,Default,Default,Default,Default,Default,Default,16,Default,ListExtensions,1000,"46,677.872 ns",196.4198 ns,153.3517 ns,"46,682.101 ns",0.0000,0.0000,0.0000,504 B
ListHashCode:Array,Job-NPULEA,False,True,Default,Default,Default,Default,Default,1111,Empty,RyuJit,X64,8c5e7fda-e8bf-4a96-9a85-a6e23a8c635c,.NET Core 5.0,False,True,False,True,Default,Default,False,False,True,Default,Default,Default,Default,Default,.NET Core 5.0,Default,1,Default,Default,Default,Default,Default,Default,Default,Default,16,Default,ListExtensions,25,"1,788.115 ns",3.0554 ns,2.8580 ns,"1,787.353 ns",0.0038,0.0000,0.0000,48 B
ListHashCode:Array,Job-NPULEA,False,True,Default,Default,Default,Default,Default,1111,Empty,RyuJit,X64,8c5e7fda-e8bf-4a96-9a85-a6e23a8c635c,.NET Core 5.0,False,True,False,True,Default,Default,False,False,True,Default,Default,Default,Default,Default,.NET Core 5.0,Default,1,Default,Default,Default,Default,Default,Default,Default,Default,16,Default,ListExtensions,50,"3,445.767 ns",27.6129 ns,23.0580 ns,"3,454.762 ns",0.0038,0.0000,0.0000,48 B
ListHashCode:Array,Job-NPULEA,False,True,Default,Default,Default,Default,Default,1111,Empty,RyuJit,X64,8c5e7fda-e8bf-4a96-9a85-a6e23a8c635c,.NET Core 5.0,False,True,False,True,Default,Default,False,False,True,Default,Default,Default,Default,Default,.NET Core 5.0,Default,1,Default,Default,Default,Default,Default,Default,Default,Default,16,Default,ListExtensions,100,"6,976.722 ns",8.0981 ns,6.7623 ns,"6,976.614 ns",0.0000,0.0000,0.0000,48 B
ListHashCode:Array,Job-NPULEA,False,True,Default,Default,Default,Default,Default,1111,Empty,RyuJit,X64,8c5e7fda-e8bf-4a96-9a85-a6e23a8c635c,.NET Core 5.0,False,True,False,True,Default,Default,False,False,True,Default,Default,Default,Default,Default,.NET Core 5.0,Default,1,Default,Default,Default,Default,Default,Default,Default,Default,16,Default,ListExtensions,250,"17,939.061 ns",24.5552 ns,21.7675 ns,"17,940.131 ns",0.0000,0.0000,0.0000,48 B
ListHashCode:Array,Job-NPULEA,False,True,Default,Default,Default,Default,Default,1111,Empty,RyuJit,X64,8c5e7fda-e8bf-4a96-9a85-a6e23a8c635c,.NET Core 5.0,False,True,False,True,Default,Default,False,False,True,Default,Default,Default,Default,Default,.NET Core 5.0,Default,1,Default,Default,Default,Default,Default,Default,Default,Default,16,Default,ListExtensions,500,"37,897.578 ns",483.8704 ns,452.6127 ns,"37,870.685 ns",0.0000,0.0000,0.0000,48 B
ListHashCode:Array,Job-NPULEA,False,True,Default,Default,Default,Default,Default,1111,Empty,RyuJit,X64,8c5e7fda-e8bf-4a96-9a85-a6e23a8c635c,.NET Core 5.0,False,True,False,True,Default,Default,False,False,True,Default,Default,Default,Default,Default,.NET Core 5.0,Default,1,Default,Default,Default,Default,Default,Default,Default,Default,16,Default,ListExtensions,1000,"79,321.851 ns","1,031.3177 ns",964.6953 ns,"78,824.524 ns",0.0000,0.0000,0.0000,48 B
ListHashCode:List,Job-NPULEA,False,True,Default,Default,Default,Default,Default,1111,Empty,RyuJit,X64,8c5e7fda-e8bf-4a96-9a85-a6e23a8c635c,.NET Core 5.0,False,True,False,True,Default,Default,False,False,True,Default,Default,Default,Default,Default,.NET Core 5.0,Default,1,Default,Default,Default,Default,Default,Default,Default,Default,16,Default,ListExtensions,25,"1,706.022 ns",5.1248 ns,4.7937 ns,"1,706.858 ns",0.0172,0.0000,0.0000,160 B
ListHashCode:List,Job-NPULEA,False,True,Default,Default,Default,Default,Default,1111,Empty,RyuJit,X64,8c5e7fda-e8bf-4a96-9a85-a6e23a8c635c,.NET Core 5.0,False,True,False,True,Default,Default,False,False,True,Default,Default,Default,Default,Default,.NET Core 5.0,Default,1,Default,Default,Default,Default,Default,Default,Default,Default,16,Default,ListExtensions,50,"3,453.264 ns",9.0548 ns,8.4699 ns,"3,454.319 ns",0.0153,0.0000,0.0000,160 B
ListHashCode:List,Job-NPULEA,False,True,Default,Default,Default,Default,Default,1111,Empty,RyuJit,X64,8c5e7fda-e8bf-4a96-9a85-a6e23a8c635c,.NET Core 5.0,False,True,False,True,Default,Default,False,False,True,Default,Default,Default,Default,Default,.NET Core 5.0,Default,1,Default,Default,Default,Default,Default,Default,Default,Default,16,Default,ListExtensions,100,"6,963.970 ns",11.1401 ns,9.8754 ns,"6,962.551 ns",0.0153,0.0000,0.0000,160 B
ListHashCode:List,Job-NPULEA,False,True,Default,Default,Default,Default,Default,1111,Empty,RyuJit,X64,8c5e7fda-e8bf-4a96-9a85-a6e23a8c635c,.NET Core 5.0,False,True,False,True,Default,Default,False,False,True,Default,Default,Default,Default,Default,.NET Core 5.0,Default,1,Default,Default,Default,Default,Default,Default,Default,Default,16,Default,ListExtensions,250,"17,982.737 ns",53.6514 ns,50.1856 ns,"17,981.697 ns",0.0000,0.0000,0.0000,160 B
ListHashCode:List,Job-NPULEA,False,True,Default,Default,Default,Default,Default,1111,Empty,RyuJit,X64,8c5e7fda-e8bf-4a96-9a85-a6e23a8c635c,.NET Core 5.0,False,True,False,True,Default,Default,False,False,True,Default,Default,Default,Default,Default,.NET Core 5.0,Default,1,Default,Default,Default,Default,Default,Default,Default,Default,16,Default,ListExtensions,500,"38,028.152 ns",61.7466 ns,57.7578 ns,"38,035.242 ns",0.0000,0.0000,0.0000,160 B
ListHashCode:List,Job-NPULEA,False,True,Default,Default,Default,Default,Default,1111,Empty,RyuJit,X64,8c5e7fda-e8bf-4a96-9a85-a6e23a8c635c,.NET Core 5.0,False,True,False,True,Default,Default,False,False,True,Default,Default,Default,Default,Default,.NET Core 5.0,Default,1,Default,Default,Default,Default,Default,Default,Default,Default,16,Default,ListExtensions,1000,"77,155.739 ns",89.0877 ns,69.5538 ns,"77,135.651 ns",0.0000,0.0000,0.0000,160 B
OrderBy,Job-NPULEA,False,True,Default,Default,Default,Default,Default,1111,Empty,RyuJit,X64,8c5e7fda-e8bf-4a96-9a85-a6e23a8c635c,.NET Core 5.0,False,True,False,True,Default,Default,False,False,True,Default,Default,Default,Default,Default,.NET Core 5.0,Default,1,Default,Default,Default,Default,Default,Default,Default,Default,16,Default,ListExtensions,25,19.780 ns,0.0288 ns,0.0255 ns,19.776 ns,0.0061,0.0000,0.0000,56 B
OrderBy,Job-NPULEA,False,True,Default,Default,Default,Default,Default,1111,Empty,RyuJit,X64,8c5e7fda-e8bf-4a96-9a85-a6e23a8c635c,.NET Core 5.0,False,True,False,True,Default,Default,False,False,True,Default,Default,Default,Default,Default,.NET Core 5.0,Default,1,Default,Default,Default,Default,Default,Default,Default,Default,16,Default,ListExtensions,50,19.682 ns,0.0540 ns,0.0451 ns,19.677 ns,0.0061,0.0000,0.0000,56 B
OrderBy,Job-NPULEA,False,True,Default,Default,Default,Default,Default,1111,Empty,RyuJit,X64,8c5e7fda-e8bf-4a96-9a85-a6e23a8c635c,.NET Core 5.0,False,True,False,True,Default,Default,False,False,True,Default,Default,Default,Default,Default,.NET Core 5.0,Default,1,Default,Default,Default,Default,Default,Default,Default,Default,16,Default,ListExtensions,100,19.833 ns,0.0353 ns,0.0330 ns,19.823 ns,0.0061,0.0000,0.0000,56 B
OrderBy,Job-NPULEA,False,True,Default,Default,Default,Default,Default,1111,Empty,RyuJit,X64,8c5e7fda-e8bf-4a96-9a85-a6e23a8c635c,.NET Core 5.0,False,True,False,True,Default,Default,False,False,True,Default,Default,Default,Default,Default,.NET Core 5.0,Default,1,Default,Default,Default,Default,Default,Default,Default,Default,16,Default,ListExtensions,250,20.083 ns,0.0422 ns,0.0374 ns,20.076 ns,0.0061,0.0000,0.0000,56 B
OrderBy,Job-NPULEA,False,True,Default,Default,Default,Default,Default,1111,Empty,RyuJit,X64,8c5e7fda-e8bf-4a96-9a85-a6e23a8c635c,.NET Core 5.0,False,True,False,True,Default,Default,False,False,True,Default,Default,Default,Default,Default,.NET Core 5.0,Default,1,Default,Default,Default,Default,Default,Default,Default,Default,16,Default,ListExtensions,500,19.407 ns,0.0317 ns,0.0296 ns,19.407 ns,0.0061,0.0000,0.0000,56 B
OrderBy,Job-NPULEA,False,True,Default,Default,Default,Default,Default,1111,Empty,RyuJit,X64,8c5e7fda-e8bf-4a96-9a85-a6e23a8c635c,.NET Core 5.0,False,True,False,True,Default,Default,False,False,True,Default,Default,Default,Default,Default,.NET Core 5.0,Default,1,Default,Default,Default,Default,Default,Default,Default,Default,16,Default,ListExtensions,1000,19.818 ns,0.0292 ns,0.0259 ns,19.813 ns,0.0061,0.0000,0.0000,56 B
OrderByOrdinal,Job-NPULEA,False,True,Default,Default,Default,Default,Default,1111,Empty,RyuJit,X64,8c5e7fda-e8bf-4a96-9a85-a6e23a8c635c,.NET Core 5.0,False,True,False,True,Default,Default,False,False,True,Default,Default,Default,Default,Default,.NET Core 5.0,Default,1,Default,Default,Default,Default,Default,Default,Default,Default,16,Default,ListExtensions,25,27.777 ns,0.0226 ns,0.0200 ns,27.774 ns,0.0061,0.0000,0.0000,56 B
OrderByOrdinal,Job-NPULEA,False,True,Default,Default,Default,Default,Default,1111,Empty,RyuJit,X64,8c5e7fda-e8bf-4a96-9a85-a6e23a8c635c,.NET Core 5.0,False,True,False,True,Default,Default,False,False,True,Default,Default,Default,Default,Default,.NET Core 5.0,Default,1,Default,Default,Default,Default,Default,Default,Default,Default,16,Default,ListExtensions,50,27.701 ns,0.0358 ns,0.0317 ns,27.703 ns,0.0061,0.0000,0.0000,56 B
OrderByOrdinal,Job-NPULEA,False,True,Default,Default,Default,Default,Default,1111,Empty,RyuJit,X64,8c5e7fda-e8bf-4a96-9a85-a6e23a8c635c,.NET Core 5.0,False,True,False,True,Default,Default,False,False,True,Default,Default,Default,Default,Default,.NET Core 5.0,Default,1,Default,Default,Default,Default,Default,Default,Default,Default,16,Default,ListExtensions,100,26.763 ns,0.0511 ns,0.0478 ns,26.769 ns,0.0061,0.0000,0.0000,56 B
OrderByOrdinal,Job-NPULEA,False,True,Default,Default,Default,Default,Default,1111,Empty,RyuJit,X64,8c5e7fda-e8bf-4a96-9a85-a6e23a8c635c,.NET Core 5.0,False,True,False,True,Default,Default,False,False,True,Default,Default,Default,Default,Default,.NET Core 5.0,Default,1,Default,Default,Default,Default,Default,Default,Default,Default,16,Default,ListExtensions,250,28.230 ns,0.0340 ns,0.0301 ns,28.230 ns,0.0061,0.0000,0.0000,56 B
OrderByOrdinal,Job-NPULEA,False,True,Default,Default,Default,Default,Default,1111,Empty,RyuJit,X64,8c5e7fda-e8bf-4a96-9a85-a6e23a8c635c,.NET Core 5.0,False,True,False,True,Default,Default,False,False,True,Default,Default,Default,Default,Default,.NET Core 5.0,Default,1,Default,Default,Default,Default,Default,Default,Default,Default,16,Default,ListExtensions,500,27.567 ns,0.0379 ns,0.0336 ns,27.564 ns,0.0061,0.0000,0.0000,56 B
OrderByOrdinal,Job-NPULEA,False,True,Default,Default,Default,Default,Default,1111,Empty,RyuJit,X64,8c5e7fda-e8bf-4a96-9a85-a6e23a8c635c,.NET Core 5.0,False,True,False,True,Default,Default,False,False,True,Default,Default,Default,Default,Default,.NET Core 5.0,Default,1,Default,Default,Default,Default,Default,Default,Default,Default,16,Default,ListExtensions,1000,27.846 ns,0.0512 ns,0.0454 ns,27.844 ns,0.0061,0.0000,0.0000,56 B
Page,Job-NPULEA,False,True,Default,Default,Default,Default,Default,1111,Empty,RyuJit,X64,8c5e7fda-e8bf-4a96-9a85-a6e23a8c635c,.NET Core 5.0,False,True,False,True,Default,Default,False,False,True,Default,Default,Default,Default,Default,.NET Core 5.0,Default,1,Default,Default,Default,Default,Default,Default,Default,Default,16,Default,ListExtensions,25,737.220 ns,1.2827 ns,1.1999 ns,737.296 ns,0.0687,0.0000,0.0000,632 B
Page,Job-NPULEA,False,True,Default,Default,Default,Default,Default,1111,Empty,RyuJit,X64,8c5e7fda-e8bf-4a96-9a85-a6e23a8c635c,.NET Core 5.0,False,True,False,True,Default,Default,False,False,True,Default,Default,Default,Default,Default,.NET Core 5.0,Default,1,Default,Default,Default,Default,Default,Default,Default,Default,16,Default,ListExtensions,50,"1,348.576 ns",0.8869 ns,0.7406 ns,"1,348.706 ns",0.1068,0.0000,0.0000,984 B
Page,Job-NPULEA,False,True,Default,Default,Default,Default,Default,1111,Empty,RyuJit,X64,8c5e7fda-e8bf-4a96-9a85-a6e23a8c635c,.NET Core 5.0,False,True,False,True,Default,Default,False,False,True,Default,Default,Default,Default,Default,.NET Core 5.0,Default,1,Default,Default,Default,Default,Default,Default,Default,Default,16,Default,ListExtensions,100,"2,693.579 ns",4.2161 ns,3.9437 ns,"2,694.295 ns",0.2022,0.0000,0.0000,1864 B
Page,Job-NPULEA,False,True,Default,Default,Default,Default,Default,1111,Empty,RyuJit,X64,8c5e7fda-e8bf-4a96-9a85-a6e23a8c635c,.NET Core 5.0,False,True,False,True,Default,Default,False,False,True,Default,Default,Default,Default,Default,.NET Core 5.0,Default,1,Default,Default,Default,Default,Default,Default,Default,Default,16,Default,ListExtensions,250,"6,752.873 ns",8.8628 ns,8.2902 ns,"6,753.345 ns",0.4883,0.0000,0.0000,4504 B
Page,Job-NPULEA,False,True,Default,Default,Default,Default,Default,1111,Empty,RyuJit,X64,8c5e7fda-e8bf-4a96-9a85-a6e23a8c635c,.NET Core 5.0,False,True,False,True,Default,Default,False,False,True,Default,Default,Default,Default,Default,.NET Core 5.0,Default,1,Default,Default,Default,Default,Default,Default,Default,Default,16,Default,ListExtensions,500,"13,012.832 ns",16.1212 ns,14.2910 ns,"13,010.841 ns",0.9613,0.0000,0.0000,8904 B
Page,Job-NPULEA,False,True,Default,Default,Default,Default,Default,1111,Empty,RyuJit,X64,8c5e7fda-e8bf-4a96-9a85-a6e23a8c635c,.NET Core 5.0,False,True,False,True,Default,Default,False,False,True,Default,Default,Default,Default,Default,.NET Core 5.0,Default,1,Default,Default,Default,Default,Default,Default,Default,Default,16,Default,ListExtensions,1000,"26,239.463 ns",51.2071 ns,47.8991 ns,"26,217.279 ns",1.9226,0.0000,0.0000,17704 B
PickRandom,Job-NPULEA,False,True,Default,Default,Default,Default,Default,1111,Empty,RyuJit,X64,8c5e7fda-e8bf-4a96-9a85-a6e23a8c635c,.NET Core 5.0,False,True,False,True,Default,Default,False,False,True,Default,Default,Default,Default,Default,.NET Core 5.0,Default,1,Default,Default,Default,Default,Default,Default,Default,Default,16,Default,ListExtensions,25,21.486 ns,0.0283 ns,0.0221 ns,21.490 ns,0.0053,0.0000,0.0000,48 B
PickRandom,Job-NPULEA,False,True,Default,Default,Default,Default,Default,1111,Empty,RyuJit,X64,8c5e7fda-e8bf-4a96-9a85-a6e23a8c635c,.NET Core 5.0,False,True,False,True,Default,Default,False,False,True,Default,Default,Default,Default,Default,.NET Core 5.0,Default,1,Default,Default,Default,Default,Default,Default,Default,Default,16,Default,ListExtensions,50,20.941 ns,0.0450 ns,0.0421 ns,20.945 ns,0.0052,0.0000,0.0000,48 B
PickRandom,Job-NPULEA,False,True,Default,Default,Default,Default,Default,1111,Empty,RyuJit,X64,8c5e7fda-e8bf-4a96-9a85-a6e23a8c635c,.NET Core 5.0,False,True,False,True,Default,Default,False,False,True,Default,Default,Default,Default,Default,.NET Core 5.0,Default,1,Default,Default,Default,Default,Default,Default,Default,Default,16,Default,ListExtensions,100,21.538 ns,0.0284 ns,0.0252 ns,21.540 ns,0.0052,0.0000,0.0000,48 B
PickRandom,Job-NPULEA,False,True,Default,Default,Default,Default,Default,1111,Empty,RyuJit,X64,8c5e7fda-e8bf-4a96-9a85-a6e23a8c635c,.NET Core 5.0,False,True,False,True,Default,Default,False,False,True,Default,Default,Default,Default,Default,.NET Core 5.0,Default,1,Default,Default,Default,Default,Default,Default,Default,Default,16,Default,ListExtensions,250,22.246 ns,0.4722 ns,1.0849 ns,21.817 ns,0.0052,0.0000,0.0000,48 B
PickRandom,Job-NPULEA,False,True,Default,Default,Default,Default,Default,1111,Empty,RyuJit,X64,8c5e7fda-e8bf-4a96-9a85-a6e23a8c635c,.NET Core 5.0,False,True,False,True,Default,Default,False,False,True,Default,Default,Default,Default,Default,.NET Core 5.0,Default,1,Default,Default,Default,Default,Default,Default,Default,Default,16,Default,ListExtensions,500,21.351 ns,0.0264 ns,0.0234 ns,21.359 ns,0.0052,0.0000,0.0000,48 B
PickRandom,Job-NPULEA,False,True,Default,Default,Default,Default,Default,1111,Empty,RyuJit,X64,8c5e7fda-e8bf-4a96-9a85-a6e23a8c635c,.NET Core 5.0,False,True,False,True,Default,Default,False,False,True,Default,Default,Default,Default,Default,.NET Core 5.0,Default,1,Default,Default,Default,Default,Default,Default,Default,Default,16,Default,ListExtensions,1000,22.328 ns,0.0245 ns,0.0229 ns,22.321 ns,0.0052,0.0000,0.0000,48 B
Shuffle,Job-NPULEA,False,True,Default,Default,Default,Default,Default,1111,Empty,RyuJit,X64,8c5e7fda-e8bf-4a96-9a85-a6e23a8c635c,.NET Core 5.0,False,True,False,True,Default,Default,False,False,True,Default,Default,Default,Default,Default,.NET Core 5.0,Default,1,Default,Default,Default,Default,Default,Default,Default,Default,16,Default,ListExtensions,25,30.276 ns,0.0506 ns,0.0473 ns,30.254 ns,0.0061,0.0000,0.0000,56 B
Shuffle,Job-NPULEA,False,True,Default,Default,Default,Default,Default,1111,Empty,RyuJit,X64,8c5e7fda-e8bf-4a96-9a85-a6e23a8c635c,.NET Core 5.0,False,True,False,True,Default,Default,False,False,True,Default,Default,Default,Default,Default,.NET Core 5.0,Default,1,Default,Default,Default,Default,Default,Default,Default,Default,16,Default,ListExtensions,50,32.037 ns,0.0456 ns,0.0381 ns,32.046 ns,0.0061,0.0000,0.0000,56 B
Shuffle,Job-NPULEA,False,True,Default,Default,Default,Default,Default,1111,Empty,RyuJit,X64,8c5e7fda-e8bf-4a96-9a85-a6e23a8c635c,.NET Core 5.0,False,True,False,True,Default,Default,False,False,True,Default,Default,Default,Default,Default,.NET Core 5.0,Default,1,Default,Default,Default,Default,Default,Default,Default,Default,16,Default,ListExtensions,100,30.818 ns,0.0626 ns,0.0555 ns,30.806 ns,0.0061,0.0000,0.0000,56 B
Shuffle,Job-NPULEA,False,True,Default,Default,Default,Default,Default,1111,Empty,RyuJit,X64,8c5e7fda-e8bf-4a96-9a85-a6e23a8c635c,.NET Core 5.0,False,True,False,True,Default,Default,False,False,True,Default,Default,Default,Default,Default,.NET Core 5.0,Default,1,Default,Default,Default,Default,Default,Default,Default,Default,16,Default,ListExtensions,250,33.072 ns,0.3402 ns,0.3183 ns,33.170 ns,0.0061,0.0000,0.0000,56 B
Shuffle,Job-NPULEA,False,True,Default,Default,Default,Default,Default,1111,Empty,RyuJit,X64,8c5e7fda-e8bf-4a96-9a85-a6e23a8c635c,.NET Core 5.0,False,True,False,True,Default,Default,False,False,True,Default,Default,Default,Default,Default,.NET Core 5.0,Default,1,Default,Default,Default,Default,Default,Default,Default,Default,16,Default,ListExtensions,500,30.714 ns,0.0374 ns,0.0350 ns,30.717 ns,0.0061,0.0000,0.0000,56 B
Shuffle,Job-NPULEA,False,True,Default,Default,Default,Default,Default,1111,Empty,RyuJit,X64,8c5e7fda-e8bf-4a96-9a85-a6e23a8c635c,.NET Core 5.0,False,True,False,True,Default,Default,False,False,True,Default,Default,Default,Default,Default,.NET Core 5.0,Default,1,Default,Default,Default,Default,Default,Default,Default,Default,16,Default,ListExtensions,1000,30.806 ns,0.0698 ns,0.0653 ns,30.788 ns,0.0061,0.0000,0.0000,56 B
ToObservableCollection,Job-NPULEA,False,True,Default,Default,Default,Default,Default,1111,Empty,RyuJit,X64,8c5e7fda-e8bf-4a96-9a85-a6e23a8c635c,.NET Core 5.0,False,True,False,True,Default,Default,False,False,True,Default,Default,Default,Default,Default,.NET Core 5.0,Default,1,Default,Default,Default,Default,Default,Default,Default,Default,16,Default,ListExtensions,25,64.991 ns,0.1768 ns,0.1567 ns,64.945 ns,0.0341,0.0000,0.0000,312 B
ToObservableCollection,Job-NPULEA,False,True,Default,Default,Default,Default,Default,1111,Empty,RyuJit,X64,8c5e7fda-e8bf-4a96-9a85-a6e23a8c635c,.NET Core 5.0,False,True,False,True,Default,Default,False,False,True,Default,Default,Default,Default,Default,.NET Core 5.0,Default,1,Default,Default,Default,Default,Default,Default,Default,Default,16,Default,ListExtensions,50,80.540 ns,0.1297 ns,0.1213 ns,80.505 ns,0.0541,0.0000,0.0000,496 B
ToObservableCollection,Job-NPULEA,False,True,Default,Default,Default,Default,Default,1111,Empty,RyuJit,X64,8c5e7fda-e8bf-4a96-9a85-a6e23a8c635c,.NET Core 5.0,False,True,False,True,Default,Default,False,False,True,Default,Default,Default,Default,Default,.NET Core 5.0,Default,1,Default,Default,Default,Default,Default,Default,Default,Default,16,Default,ListExtensions,100,117.634 ns,0.4768 ns,0.4460 ns,117.466 ns,0.0994,0.0000,0.0000,912 B
ToObservableCollection,Job-NPULEA,False,True,Default,Default,Default,Default,Default,1111,Empty,RyuJit,X64,8c5e7fda-e8bf-4a96-9a85-a6e23a8c635c,.NET Core 5.0,False,True,False,True,Default,Default,False,False,True,Default,Default,Default,Default,Default,.NET Core 5.0,Default,1,Default,Default,Default,Default,Default,Default,Default,Default,16,Default,ListExtensions,250,251.962 ns,4.3639 ns,4.0820 ns,252.798 ns,0.2308,0.0005,0.0000,2112 B
ToObservableCollection,Job-NPULEA,False,True,Default,Default,Default,Default,Default,1111,Empty,RyuJit,X64,8c5e7fda-e8bf-4a96-9a85-a6e23a8c635c,.NET Core 5.0,False,True,False,True,Default,Default,False,False,True,Default,Default,Default,Default,Default,.NET Core 5.0,Default,1,Default,Default,Default,Default,Default,Default,Default,Default,16,Default,ListExtensions,500,409.736 ns,1.9579 ns,1.8315 ns,410.017 ns,0.4544,0.0048,0.0000,4112 B
ToObservableCollection,Job-NPULEA,False,True,Default,Default,Default,Default,Default,1111,Empty,RyuJit,X64,8c5e7fda-e8bf-4a96-9a85-a6e23a8c635c,.NET Core 5.0,False,True,False,True,Default,Default,False,False,True,Default,Default,Default,Default,Default,.NET Core 5.0,Default,1,Default,Default,Default,Default,Default,Default,Default,Default,16,Default,ListExtensions,1000,795.387 ns,6.4669 ns,6.0492 ns,794.723 ns,0.8898,0.0000,0.0000,8112 B
ToReadOnlyCollection,Job-NPULEA,False,True,Default,Default,Default,Default,Default,1111,Empty,RyuJit,X64,8c5e7fda-e8bf-4a96-9a85-a6e23a8c635c,.NET Core 5.0,False,True,False,True,Default,Default,False,False,True,Default,Default,Default,Default,Default,.NET Core 5.0,Default,1,Default,Default,Default,Default,Default,Default,Default,Default,16,Default,ListExtensions,25,14.679 ns,0.0144 ns,0.0128 ns,14.679 ns,0.0026,0.0000,0.0000,24 B
ToReadOnlyCollection,Job-NPULEA,False,True,Default,Default,Default,Default,Default,1111,Empty,RyuJit,X64,8c5e7fda-e8bf-4a96-9a85-a6e23a8c635c,.NET Core 5.0,False,True,False,True,Default,Default,False,False,True,Default,Default,Default,Default,Default,.NET Core 5.0,Default,1,Default,Default,Default,Default,Default,Default,Default,Default,16,Default,ListExtensions,50,14.394 ns,0.0122 ns,0.0114 ns,14.395 ns,0.0026,0.0000,0.0000,24 B
ToReadOnlyCollection,Job-NPULEA,False,True,Default,Default,Default,Default,Default,1111,Empty,RyuJit,X64,8c5e7fda-e8bf-4a96-9a85-a6e23a8c635c,.NET Core 5.0,False,True,False,True,Default,Default,False,False,True,Default,Default,Default,Default,Default,.NET Core 5.0,Default,1,Default,Default,Default,Default,Default,Default,Default,Default,16,Default,ListExtensions,100,15.175 ns,0.0553 ns,0.0517 ns,15.168 ns,0.0026,0.0000,0.0000,24 B
ToReadOnlyCollection,Job-NPULEA,False,True,Default,Default,Default,Default,Default,1111,Empty,RyuJit,X64,8c5e7fda-e8bf-4a96-9a85-a6e23a8c635c,.NET Core 5.0,False,True,False,True,Default,Default,False,False,True,Default,Default,Default,Default,Default,.NET Core 5.0,Default,1,Default,Default,Default,Default,Default,Default,Default,Default,16,Default,ListExtensions,250,16.387 ns,0.1820 ns,0.1703 ns,16.451 ns,0.0026,0.0000,0.0000,24 B
ToReadOnlyCollection,Job-NPULEA,False,True,Default,Default,Default,Default,Default,1111,Empty,RyuJit,X64,8c5e7fda-e8bf-4a96-9a85-a6e23a8c635c,.NET Core 5.0,False,True,False,True,Default,Default,False,False,True,Default,Default,Default,Default,Default,.NET Core 5.0,Default,1,Default,Default,Default,Default,Default,Default,Default,Default,16,Default,ListExtensions,500,14.698 ns,0.0217 ns,0.0203 ns,14.704 ns,0.0026,0.0000,0.0000,24 B
ToReadOnlyCollection,Job-NPULEA,False,True,Default,Default,Default,Default,Default,1111,Empty,RyuJit,X64,8c5e7fda-e8bf-4a96-9a85-a6e23a8c635c,.NET Core 5.0,False,True,False,True,Default,Default,False,False,True,Default,Default,Default,Default,Default,.NET Core 5.0,Default,1,Default,Default,Default,Default,Default,Default,Default,Default,16,Default,ListExtensions,1000,14.905 ns,0.0351 ns,0.0329 ns,14.901 ns,0.0026,0.0000,0.0000,24 B
