Target,Target_Namespace,Target_Type,Target_Method,Job_Id,Job_AnalyzeLaunchVariance,Job_EvaluateOverhead,Job_MaxAbsoluteError,Job_MaxRelativeError,Job_MinInvokeCount,Job_MinIterationTime,Job_OutlierMode,Job_Affinity,Job_EnvironmentVariables,Job_Jit,Job_Platform,Job_PowerPlanMode,Job_Runtime,Job_AllowVeryLargeObjects,Job_Concurrent,Job_CpuGroups,Job_Force,Job_HeapAffinitizeMask,Job_HeapCount,Job_NoAffinitize,Job_RetainVm,Job_Server,Job_Arguments,Job_BuildConfiguration,Job_Clock,Job_EngineFactory,Job_NuGetReferences,Job_Toolchain,Job_IsMutator,Job_InvocationCount,Job_IterationCount,Job_IterationTime,Job_LaunchCount,Job_MaxIterationCount,Job_MaxWarmupIterationCount,Job_MinIterationCount,Job_MinWarmupIterationCount,Job_RunStrategy,Job_UnrollFactor,Job_WarmupCount,Job_Display,Params,Measurement_LaunchIndex,Measurement_IterationMode,Measurement_IterationStage,Measurement_IterationIndex,Measurement_Nanoseconds,Measurement_Operations,Measurement_Value,Gen_0,Gen_1,Gen_2,Allocated_Bytes
ExceptionExtensionsBenchmark.GetAllMessages,dotNetTips.Spargine.Extensions.BenchmarkTests,ExceptionExtensionsBenchmark,GetAllMessages,Job-XTFHVN,Default,True,Default,Default,Default,Default,Default,Default,Default,Default,Default,Default,Default,Default,Default,Default,Default,Default,Default,Default,Default,True,Default,Default,Default,Default,Default,.NET Core 5.0,Default,Default,Default,Default,Default,Default,Default,Default,Default,Default,Default,Default,"Job-XTFHVN(EvaluateOverhead=True, Server=True, Toolchain=.NET Core 5.0)",,1,Overhead,Jitting,1,186800,1,186800,128,0,0,280
ExceptionExtensionsBenchmark.GetAllMessages,dotNetTips.Spargine.Extensions.BenchmarkTests,ExceptionExtensionsBenchmark,GetAllMessages,Job-XTFHVN,Default,True,Default,Default,Default,Default,Default,Default,Default,Default,Default,Default,Default,Default,Default,Default,Default,Default,Default,Default,Default,True,Default,Default,Default,Default,Default,.NET Core 5.0,Default,Default,Default,Default,Default,Default,Default,Default,Default,Default,Default,Default,"Job-XTFHVN(EvaluateOverhead=True, Server=True, Toolchain=.NET Core 5.0)",,1,Workload,Jitting,1,2007800,1,2007800,128,0,0,280
ExceptionExtensionsBenchmark.GetAllMessages,dotNetTips.Spargine.Extensions.BenchmarkTests,ExceptionExtensionsBenchmark,GetAllMessages,Job-XTFHVN,Default,True,Default,Default,Default,Default,Default,Default,Default,Default,Default,Default,Default,Default,Default,Default,Default,Default,Default,Default,Default,True,Default,Default,Default,Default,Default,.NET Core 5.0,Default,Default,Default,Default,Default,Default,Default,Default,Default,Default,Default,Default,"Job-XTFHVN(EvaluateOverhead=True, Server=True, Toolchain=.NET Core 5.0)",,1,Overhead,Jitting,2,184200,16,11512.5,128,0,0,280
ExceptionExtensionsBenchmark.GetAllMessages,dotNetTips.Spargine.Extensions.BenchmarkTests,ExceptionExtensionsBenchmark,GetAllMessages,Job-XTFHVN,Default,True,Default,Default,Default,Default,Default,Default,Default,Default,Default,Default,Default,Default,Default,Default,Default,Default,Default,Default,Default,True,Default,Default,Default,Default,Default,.NET Core 5.0,Default,Default,Default,Default,Default,Default,Default,Default,Default,Default,Default,Default,"Job-XTFHVN(EvaluateOverhead=True, Server=True, Toolchain=.NET Core 5.0)",,1,Workload,Jitting,2,204900,16,12806.25,128,0,0,280
ExceptionExtensionsBenchmark.GetAllMessages,dotNetTips.Spargine.Extensions.BenchmarkTests,ExceptionExtensionsBenchmark,GetAllMessages,Job-XTFHVN,Default,True,Default,Default,Default,Default,Default,Default,Default,Default,Default,Default,Default,Default,Default,Default,Default,Default,Default,Default,Default,True,Default,Default,Default,Default,Default,.NET Core 5.0,Default,Default,Default,Default,Default,Default,Default,Default,Default,Default,Default,Default,"Job-XTFHVN(EvaluateOverhead=True, Server=True, Toolchain=.NET Core 5.0)",,1,Workload,Pilot,1,22600,16,1412.5,128,0,0,280
ExceptionExtensionsBenchmark.GetAllMessages,dotNetTips.Spargine.Extensions.BenchmarkTests,ExceptionExtensionsBenchmark,GetAllMessages,Job-XTFHVN,Default,True,Default,Default,Default,Default,Default,Default,Default,Default,Default,Default,Default,Default,Default,Default,Default,Default,Default,Default,Default,True,Default,Default,Default,Default,Default,.NET Core 5.0,Default,Default,Default,Default,Default,Default,Default,Default,Default,Default,Default,Default,"Job-XTFHVN(EvaluateOverhead=True, Server=True, Toolchain=.NET Core 5.0)",,1,Workload,Pilot,2,14500,32,453.13,128,0,0,280
ExceptionExtensionsBenchmark.GetAllMessages,dotNetTips.Spargine.Extensions.BenchmarkTests,ExceptionExtensionsBenchmark,GetAllMessages,Job-XTFHVN,Default,True,Default,Default,Default,Default,Default,Default,Default,Default,Default,Default,Default,Default,Default,Default,Default,Default,Default,Default,Default,True,Default,Default,Default,Default,Default,.NET Core 5.0,Default,Default,Default,Default,Default,Default,Default,Default,Default,Default,Default,Default,"Job-XTFHVN(EvaluateOverhead=True, Server=True, Toolchain=.NET Core 5.0)",,1,Workload,Pilot,3,29200,64,456.25,128,0,0,280
ExceptionExtensionsBenchmark.GetAllMessages,dotNetTips.Spargine.Extensions.BenchmarkTests,ExceptionExtensionsBenchmark,GetAllMessages,Job-XTFHVN,Default,True,Default,Default,Default,Default,Default,Default,Default,Default,Default,Default,Default,Default,Default,Default,Default,Default,Default,Default,Default,True,Default,Default,Default,Default,Default,.NET Core 5.0,Default,Default,Default,Default,Default,Default,Default,Default,Default,Default,Default,Default,"Job-XTFHVN(EvaluateOverhead=True, Server=True, Toolchain=.NET Core 5.0)",,1,Workload,Pilot,4,47100,128,367.97,128,0,0,280
ExceptionExtensionsBenchmark.GetAllMessages,dotNetTips.Spargine.Extensions.BenchmarkTests,ExceptionExtensionsBenchmark,GetAllMessages,Job-XTFHVN,Default,True,Default,Default,Default,Default,Default,Default,Default,Default,Default,Default,Default,Default,Default,Default,Default,Default,Default,Default,Default,True,Default,Default,Default,Default,Default,.NET Core 5.0,Default,Default,Default,Default,Default,Default,Default,Default,Default,Default,Default,Default,"Job-XTFHVN(EvaluateOverhead=True, Server=True, Toolchain=.NET Core 5.0)",,1,Workload,Pilot,5,171600,256,670.31,128,0,0,280
ExceptionExtensionsBenchmark.GetAllMessages,dotNetTips.Spargine.Extensions.BenchmarkTests,ExceptionExtensionsBenchmark,GetAllMessages,Job-XTFHVN,Default,True,Default,Default,Default,Default,Default,Default,Default,Default,Default,Default,Default,Default,Default,Default,Default,Default,Default,Default,Default,True,Default,Default,Default,Default,Default,.NET Core 5.0,Default,Default,Default,Default,Default,Default,Default,Default,Default,Default,Default,Default,"Job-XTFHVN(EvaluateOverhead=True, Server=True, Toolchain=.NET Core 5.0)",,1,Workload,Pilot,6,211300,512,412.7,128,0,0,280
ExceptionExtensionsBenchmark.GetAllMessages,dotNetTips.Spargine.Extensions.BenchmarkTests,ExceptionExtensionsBenchmark,GetAllMessages,Job-XTFHVN,Default,True,Default,Default,Default,Default,Default,Default,Default,Default,Default,Default,Default,Default,Default,Default,Default,Default,Default,Default,Default,True,Default,Default,Default,Default,Default,.NET Core 5.0,Default,Default,Default,Default,Default,Default,Default,Default,Default,Default,Default,Default,"Job-XTFHVN(EvaluateOverhead=True, Server=True, Toolchain=.NET Core 5.0)",,1,Workload,Pilot,7,359800,1024,351.37,128,0,0,280
ExceptionExtensionsBenchmark.GetAllMessages,dotNetTips.Spargine.Extensions.BenchmarkTests,ExceptionExtensionsBenchmark,GetAllMessages,Job-XTFHVN,Default,True,Default,Default,Default,Default,Default,Default,Default,Default,Default,Default,Default,Default,Default,Default,Default,Default,Default,Default,Default,True,Default,Default,Default,Default,Default,.NET Core 5.0,Default,Default,Default,Default,Default,Default,Default,Default,Default,Default,Default,Default,"Job-XTFHVN(EvaluateOverhead=True, Server=True, Toolchain=.NET Core 5.0)",,1,Workload,Pilot,8,726900,2048,354.93,128,0,0,280
ExceptionExtensionsBenchmark.GetAllMessages,dotNetTips.Spargine.Extensions.BenchmarkTests,ExceptionExtensionsBenchmark,GetAllMessages,Job-XTFHVN,Default,True,Default,Default,Default,Default,Default,Default,Default,Default,Default,Default,Default,Default,Default,Default,Default,Default,Default,Default,Default,True,Default,Default,Default,Default,Default,.NET Core 5.0,Default,Default,Default,Default,Default,Default,Default,Default,Default,Default,Default,Default,"Job-XTFHVN(EvaluateOverhead=True, Server=True, Toolchain=.NET Core 5.0)",,1,Workload,Pilot,9,1451100,4096,354.27,128,0,0,280
ExceptionExtensionsBenchmark.GetAllMessages,dotNetTips.Spargine.Extensions.BenchmarkTests,ExceptionExtensionsBenchmark,GetAllMessages,Job-XTFHVN,Default,True,Default,Default,Default,Default,Default,Default,Default,Default,Default,Default,Default,Default,Default,Default,Default,Default,Default,Default,Default,True,Default,Default,Default,Default,Default,.NET Core 5.0,Default,Default,Default,Default,Default,Default,Default,Default,Default,Default,Default,Default,"Job-XTFHVN(EvaluateOverhead=True, Server=True, Toolchain=.NET Core 5.0)",,1,Workload,Pilot,10,3770200,8192,460.23,128,0,0,280
ExceptionExtensionsBenchmark.GetAllMessages,dotNetTips.Spargine.Extensions.BenchmarkTests,ExceptionExtensionsBenchmark,GetAllMessages,Job-XTFHVN,Default,True,Default,Default,Default,Default,Default,Default,Default,Default,Default,Default,Default,Default,Default,Default,Default,Default,Default,Default,Default,True,Default,Default,Default,Default,Default,.NET Core 5.0,Default,Default,Default,Default,Default,Default,Default,Default,Default,Default,Default,Default,"Job-XTFHVN(EvaluateOverhead=True, Server=True, Toolchain=.NET Core 5.0)",,1,Workload,Pilot,11,5639300,16384,344.2,128,0,0,280
ExceptionExtensionsBenchmark.GetAllMessages,dotNetTips.Spargine.Extensions.BenchmarkTests,ExceptionExtensionsBenchmark,GetAllMessages,Job-XTFHVN,Default,True,Default,Default,Default,Default,Default,Default,Default,Default,Default,Default,Default,Default,Default,Default,Default,Default,Default,Default,Default,True,Default,Default,Default,Default,Default,.NET Core 5.0,Default,Default,Default,Default,Default,Default,Default,Default,Default,Default,Default,Default,"Job-XTFHVN(EvaluateOverhead=True, Server=True, Toolchain=.NET Core 5.0)",,1,Workload,Pilot,12,12347200,32768,376.81,128,0,0,280
ExceptionExtensionsBenchmark.GetAllMessages,dotNetTips.Spargine.Extensions.BenchmarkTests,ExceptionExtensionsBenchmark,GetAllMessages,Job-XTFHVN,Default,True,Default,Default,Default,Default,Default,Default,Default,Default,Default,Default,Default,Default,Default,Default,Default,Default,Default,Default,Default,True,Default,Default,Default,Default,Default,.NET Core 5.0,Default,Default,Default,Default,Default,Default,Default,Default,Default,Default,Default,Default,"Job-XTFHVN(EvaluateOverhead=True, Server=True, Toolchain=.NET Core 5.0)",,1,Workload,Pilot,13,22278600,65536,339.94,128,0,0,280
ExceptionExtensionsBenchmark.GetAllMessages,dotNetTips.Spargine.Extensions.BenchmarkTests,ExceptionExtensionsBenchmark,GetAllMessages,Job-XTFHVN,Default,True,Default,Default,Default,Default,Default,Default,Default,Default,Default,Default,Default,Default,Default,Default,Default,Default,Default,Default,Default,True,Default,Default,Default,Default,Default,.NET Core 5.0,Default,Default,Default,Default,Default,Default,Default,Default,Default,Default,Default,Default,"Job-XTFHVN(EvaluateOverhead=True, Server=True, Toolchain=.NET Core 5.0)",,1,Workload,Pilot,14,44643100,131072,340.6,128,0,0,280
ExceptionExtensionsBenchmark.GetAllMessages,dotNetTips.Spargine.Extensions.BenchmarkTests,ExceptionExtensionsBenchmark,GetAllMessages,Job-XTFHVN,Default,True,Default,Default,Default,Default,Default,Default,Default,Default,Default,Default,Default,Default,Default,Default,Default,Default,Default,Default,Default,True,Default,Default,Default,Default,Default,.NET Core 5.0,Default,Default,Default,Default,Default,Default,Default,Default,Default,Default,Default,Default,"Job-XTFHVN(EvaluateOverhead=True, Server=True, Toolchain=.NET Core 5.0)",,1,Workload,Pilot,15,84631300,262144,322.84,128,0,0,280
ExceptionExtensionsBenchmark.GetAllMessages,dotNetTips.Spargine.Extensions.BenchmarkTests,ExceptionExtensionsBenchmark,GetAllMessages,Job-XTFHVN,Default,True,Default,Default,Default,Default,Default,Default,Default,Default,Default,Default,Default,Default,Default,Default,Default,Default,Default,Default,Default,True,Default,Default,Default,Default,Default,.NET Core 5.0,Default,Default,Default,Default,Default,Default,Default,Default,Default,Default,Default,Default,"Job-XTFHVN(EvaluateOverhead=True, Server=True, Toolchain=.NET Core 5.0)",,1,Workload,Pilot,16,112233100,524288,214.07,128,0,0,280
ExceptionExtensionsBenchmark.GetAllMessages,dotNetTips.Spargine.Extensions.BenchmarkTests,ExceptionExtensionsBenchmark,GetAllMessages,Job-XTFHVN,Default,True,Default,Default,Default,Default,Default,Default,Default,Default,Default,Default,Default,Default,Default,Default,Default,Default,Default,Default,Default,True,Default,Default,Default,Default,Default,.NET Core 5.0,Default,Default,Default,Default,Default,Default,Default,Default,Default,Default,Default,Default,"Job-XTFHVN(EvaluateOverhead=True, Server=True, Toolchain=.NET Core 5.0)",,1,Workload,Pilot,17,220792600,1048576,210.56,128,0,0,280
ExceptionExtensionsBenchmark.GetAllMessages,dotNetTips.Spargine.Extensions.BenchmarkTests,ExceptionExtensionsBenchmark,GetAllMessages,Job-XTFHVN,Default,True,Default,Default,Default,Default,Default,Default,Default,Default,Default,Default,Default,Default,Default,Default,Default,Default,Default,Default,Default,True,Default,Default,Default,Default,Default,.NET Core 5.0,Default,Default,Default,Default,Default,Default,Default,Default,Default,Default,Default,Default,"Job-XTFHVN(EvaluateOverhead=True, Server=True, Toolchain=.NET Core 5.0)",,1,Workload,Pilot,18,461176900,2097152,219.91,128,0,0,280
ExceptionExtensionsBenchmark.GetAllMessages,dotNetTips.Spargine.Extensions.BenchmarkTests,ExceptionExtensionsBenchmark,GetAllMessages,Job-XTFHVN,Default,True,Default,Default,Default,Default,Default,Default,Default,Default,Default,Default,Default,Default,Default,Default,Default,Default,Default,Default,Default,True,Default,Default,Default,Default,Default,.NET Core 5.0,Default,Default,Default,Default,Default,Default,Default,Default,Default,Default,Default,Default,"Job-XTFHVN(EvaluateOverhead=True, Server=True, Toolchain=.NET Core 5.0)",,1,Workload,Pilot,19,873062200,4194304,208.15,128,0,0,280
ExceptionExtensionsBenchmark.GetAllMessages,dotNetTips.Spargine.Extensions.BenchmarkTests,ExceptionExtensionsBenchmark,GetAllMessages,Job-XTFHVN,Default,True,Default,Default,Default,Default,Default,Default,Default,Default,Default,Default,Default,Default,Default,Default,Default,Default,Default,Default,Default,True,Default,Default,Default,Default,Default,.NET Core 5.0,Default,Default,Default,Default,Default,Default,Default,Default,Default,Default,Default,Default,"Job-XTFHVN(EvaluateOverhead=True, Server=True, Toolchain=.NET Core 5.0)",,1,Overhead,Warmup,1,7851000,4194304,1.87,128,0,0,280
ExceptionExtensionsBenchmark.GetAllMessages,dotNetTips.Spargine.Extensions.BenchmarkTests,ExceptionExtensionsBenchmark,GetAllMessages,Job-XTFHVN,Default,True,Default,Default,Default,Default,Default,Default,Default,Default,Default,Default,Default,Default,Default,Default,Default,Default,Default,Default,Default,True,Default,Default,Default,Default,Default,.NET Core 5.0,Default,Default,Default,Default,Default,Default,Default,Default,Default,Default,Default,Default,"Job-XTFHVN(EvaluateOverhead=True, Server=True, Toolchain=.NET Core 5.0)",,1,Overhead,Warmup,2,7873500,4194304,1.88,128,0,0,280
ExceptionExtensionsBenchmark.GetAllMessages,dotNetTips.Spargine.Extensions.BenchmarkTests,ExceptionExtensionsBenchmark,GetAllMessages,Job-XTFHVN,Default,True,Default,Default,Default,Default,Default,Default,Default,Default,Default,Default,Default,Default,Default,Default,Default,Default,Default,Default,Default,True,Default,Default,Default,Default,Default,.NET Core 5.0,Default,Default,Default,Default,Default,Default,Default,Default,Default,Default,Default,Default,"Job-XTFHVN(EvaluateOverhead=True, Server=True, Toolchain=.NET Core 5.0)",,1,Overhead,Warmup,3,7860500,4194304,1.87,128,0,0,280
ExceptionExtensionsBenchmark.GetAllMessages,dotNetTips.Spargine.Extensions.BenchmarkTests,ExceptionExtensionsBenchmark,GetAllMessages,Job-XTFHVN,Default,True,Default,Default,Default,Default,Default,Default,Default,Default,Default,Default,Default,Default,Default,Default,Default,Default,Default,Default,Default,True,Default,Default,Default,Default,Default,.NET Core 5.0,Default,Default,Default,Default,Default,Default,Default,Default,Default,Default,Default,Default,"Job-XTFHVN(EvaluateOverhead=True, Server=True, Toolchain=.NET Core 5.0)",,1,Overhead,Warmup,4,8101700,4194304,1.93,128,0,0,280
ExceptionExtensionsBenchmark.GetAllMessages,dotNetTips.Spargine.Extensions.BenchmarkTests,ExceptionExtensionsBenchmark,GetAllMessages,Job-XTFHVN,Default,True,Default,Default,Default,Default,Default,Default,Default,Default,Default,Default,Default,Default,Default,Default,Default,Default,Default,Default,Default,True,Default,Default,Default,Default,Default,.NET Core 5.0,Default,Default,Default,Default,Default,Default,Default,Default,Default,Default,Default,Default,"Job-XTFHVN(EvaluateOverhead=True, Server=True, Toolchain=.NET Core 5.0)",,1,Overhead,Warmup,5,7902900,4194304,1.88,128,0,0,280
ExceptionExtensionsBenchmark.GetAllMessages,dotNetTips.Spargine.Extensions.BenchmarkTests,ExceptionExtensionsBenchmark,GetAllMessages,Job-XTFHVN,Default,True,Default,Default,Default,Default,Default,Default,Default,Default,Default,Default,Default,Default,Default,Default,Default,Default,Default,Default,Default,True,Default,Default,Default,Default,Default,.NET Core 5.0,Default,Default,Default,Default,Default,Default,Default,Default,Default,Default,Default,Default,"Job-XTFHVN(EvaluateOverhead=True, Server=True, Toolchain=.NET Core 5.0)",,1,Overhead,Actual,1,8036800,4194304,1.92,128,0,0,280
ExceptionExtensionsBenchmark.GetAllMessages,dotNetTips.Spargine.Extensions.BenchmarkTests,ExceptionExtensionsBenchmark,GetAllMessages,Job-XTFHVN,Default,True,Default,Default,Default,Default,Default,Default,Default,Default,Default,Default,Default,Default,Default,Default,Default,Default,Default,Default,Default,True,Default,Default,Default,Default,Default,.NET Core 5.0,Default,Default,Default,Default,Default,Default,Default,Default,Default,Default,Default,Default,"Job-XTFHVN(EvaluateOverhead=True, Server=True, Toolchain=.NET Core 5.0)",,1,Overhead,Actual,2,7868400,4194304,1.88,128,0,0,280
ExceptionExtensionsBenchmark.GetAllMessages,dotNetTips.Spargine.Extensions.BenchmarkTests,ExceptionExtensionsBenchmark,GetAllMessages,Job-XTFHVN,Default,True,Default,Default,Default,Default,Default,Default,Default,Default,Default,Default,Default,Default,Default,Default,Default,Default,Default,Default,Default,True,Default,Default,Default,Default,Default,.NET Core 5.0,Default,Default,Default,Default,Default,Default,Default,Default,Default,Default,Default,Default,"Job-XTFHVN(EvaluateOverhead=True, Server=True, Toolchain=.NET Core 5.0)",,1,Overhead,Actual,3,7880800,4194304,1.88,128,0,0,280
ExceptionExtensionsBenchmark.GetAllMessages,dotNetTips.Spargine.Extensions.BenchmarkTests,ExceptionExtensionsBenchmark,GetAllMessages,Job-XTFHVN,Default,True,Default,Default,Default,Default,Default,Default,Default,Default,Default,Default,Default,Default,Default,Default,Default,Default,Default,Default,Default,True,Default,Default,Default,Default,Default,.NET Core 5.0,Default,Default,Default,Default,Default,Default,Default,Default,Default,Default,Default,Default,"Job-XTFHVN(EvaluateOverhead=True, Server=True, Toolchain=.NET Core 5.0)",,1,Overhead,Actual,4,8115800,4194304,1.93,128,0,0,280
ExceptionExtensionsBenchmark.GetAllMessages,dotNetTips.Spargine.Extensions.BenchmarkTests,ExceptionExtensionsBenchmark,GetAllMessages,Job-XTFHVN,Default,True,Default,Default,Default,Default,Default,Default,Default,Default,Default,Default,Default,Default,Default,Default,Default,Default,Default,Default,Default,True,Default,Default,Default,Default,Default,.NET Core 5.0,Default,Default,Default,Default,Default,Default,Default,Default,Default,Default,Default,Default,"Job-XTFHVN(EvaluateOverhead=True, Server=True, Toolchain=.NET Core 5.0)",,1,Overhead,Actual,5,8031600,4194304,1.91,128,0,0,280
ExceptionExtensionsBenchmark.GetAllMessages,dotNetTips.Spargine.Extensions.BenchmarkTests,ExceptionExtensionsBenchmark,GetAllMessages,Job-XTFHVN,Default,True,Default,Default,Default,Default,Default,Default,Default,Default,Default,Default,Default,Default,Default,Default,Default,Default,Default,Default,Default,True,Default,Default,Default,Default,Default,.NET Core 5.0,Default,Default,Default,Default,Default,Default,Default,Default,Default,Default,Default,Default,"Job-XTFHVN(EvaluateOverhead=True, Server=True, Toolchain=.NET Core 5.0)",,1,Overhead,Actual,6,8098000,4194304,1.93,128,0,0,280
ExceptionExtensionsBenchmark.GetAllMessages,dotNetTips.Spargine.Extensions.BenchmarkTests,ExceptionExtensionsBenchmark,GetAllMessages,Job-XTFHVN,Default,True,Default,Default,Default,Default,Default,Default,Default,Default,Default,Default,Default,Default,Default,Default,Default,Default,Default,Default,Default,True,Default,Default,Default,Default,Default,.NET Core 5.0,Default,Default,Default,Default,Default,Default,Default,Default,Default,Default,Default,Default,"Job-XTFHVN(EvaluateOverhead=True, Server=True, Toolchain=.NET Core 5.0)",,1,Overhead,Actual,7,8162100,4194304,1.95,128,0,0,280
ExceptionExtensionsBenchmark.GetAllMessages,dotNetTips.Spargine.Extensions.BenchmarkTests,ExceptionExtensionsBenchmark,GetAllMessages,Job-XTFHVN,Default,True,Default,Default,Default,Default,Default,Default,Default,Default,Default,Default,Default,Default,Default,Default,Default,Default,Default,Default,Default,True,Default,Default,Default,Default,Default,.NET Core 5.0,Default,Default,Default,Default,Default,Default,Default,Default,Default,Default,Default,Default,"Job-XTFHVN(EvaluateOverhead=True, Server=True, Toolchain=.NET Core 5.0)",,1,Overhead,Actual,8,7852900,4194304,1.87,128,0,0,280
ExceptionExtensionsBenchmark.GetAllMessages,dotNetTips.Spargine.Extensions.BenchmarkTests,ExceptionExtensionsBenchmark,GetAllMessages,Job-XTFHVN,Default,True,Default,Default,Default,Default,Default,Default,Default,Default,Default,Default,Default,Default,Default,Default,Default,Default,Default,Default,Default,True,Default,Default,Default,Default,Default,.NET Core 5.0,Default,Default,Default,Default,Default,Default,Default,Default,Default,Default,Default,Default,"Job-XTFHVN(EvaluateOverhead=True, Server=True, Toolchain=.NET Core 5.0)",,1,Overhead,Actual,9,8276400,4194304,1.97,128,0,0,280
ExceptionExtensionsBenchmark.GetAllMessages,dotNetTips.Spargine.Extensions.BenchmarkTests,ExceptionExtensionsBenchmark,GetAllMessages,Job-XTFHVN,Default,True,Default,Default,Default,Default,Default,Default,Default,Default,Default,Default,Default,Default,Default,Default,Default,Default,Default,Default,Default,True,Default,Default,Default,Default,Default,.NET Core 5.0,Default,Default,Default,Default,Default,Default,Default,Default,Default,Default,Default,Default,"Job-XTFHVN(EvaluateOverhead=True, Server=True, Toolchain=.NET Core 5.0)",,1,Overhead,Actual,10,7852600,4194304,1.87,128,0,0,280
ExceptionExtensionsBenchmark.GetAllMessages,dotNetTips.Spargine.Extensions.BenchmarkTests,ExceptionExtensionsBenchmark,GetAllMessages,Job-XTFHVN,Default,True,Default,Default,Default,Default,Default,Default,Default,Default,Default,Default,Default,Default,Default,Default,Default,Default,Default,Default,Default,True,Default,Default,Default,Default,Default,.NET Core 5.0,Default,Default,Default,Default,Default,Default,Default,Default,Default,Default,Default,Default,"Job-XTFHVN(EvaluateOverhead=True, Server=True, Toolchain=.NET Core 5.0)",,1,Overhead,Actual,11,8181200,4194304,1.95,128,0,0,280
ExceptionExtensionsBenchmark.GetAllMessages,dotNetTips.Spargine.Extensions.BenchmarkTests,ExceptionExtensionsBenchmark,GetAllMessages,Job-XTFHVN,Default,True,Default,Default,Default,Default,Default,Default,Default,Default,Default,Default,Default,Default,Default,Default,Default,Default,Default,Default,Default,True,Default,Default,Default,Default,Default,.NET Core 5.0,Default,Default,Default,Default,Default,Default,Default,Default,Default,Default,Default,Default,"Job-XTFHVN(EvaluateOverhead=True, Server=True, Toolchain=.NET Core 5.0)",,1,Overhead,Actual,12,7852400,4194304,1.87,128,0,0,280
ExceptionExtensionsBenchmark.GetAllMessages,dotNetTips.Spargine.Extensions.BenchmarkTests,ExceptionExtensionsBenchmark,GetAllMessages,Job-XTFHVN,Default,True,Default,Default,Default,Default,Default,Default,Default,Default,Default,Default,Default,Default,Default,Default,Default,Default,Default,Default,Default,True,Default,Default,Default,Default,Default,.NET Core 5.0,Default,Default,Default,Default,Default,Default,Default,Default,Default,Default,Default,Default,"Job-XTFHVN(EvaluateOverhead=True, Server=True, Toolchain=.NET Core 5.0)",,1,Overhead,Actual,13,8196200,4194304,1.95,128,0,0,280
ExceptionExtensionsBenchmark.GetAllMessages,dotNetTips.Spargine.Extensions.BenchmarkTests,ExceptionExtensionsBenchmark,GetAllMessages,Job-XTFHVN,Default,True,Default,Default,Default,Default,Default,Default,Default,Default,Default,Default,Default,Default,Default,Default,Default,Default,Default,Default,Default,True,Default,Default,Default,Default,Default,.NET Core 5.0,Default,Default,Default,Default,Default,Default,Default,Default,Default,Default,Default,Default,"Job-XTFHVN(EvaluateOverhead=True, Server=True, Toolchain=.NET Core 5.0)",,1,Overhead,Actual,14,7851400,4194304,1.87,128,0,0,280
ExceptionExtensionsBenchmark.GetAllMessages,dotNetTips.Spargine.Extensions.BenchmarkTests,ExceptionExtensionsBenchmark,GetAllMessages,Job-XTFHVN,Default,True,Default,Default,Default,Default,Default,Default,Default,Default,Default,Default,Default,Default,Default,Default,Default,Default,Default,Default,Default,True,Default,Default,Default,Default,Default,.NET Core 5.0,Default,Default,Default,Default,Default,Default,Default,Default,Default,Default,Default,Default,"Job-XTFHVN(EvaluateOverhead=True, Server=True, Toolchain=.NET Core 5.0)",,1,Overhead,Actual,15,8027600,4194304,1.91,128,0,0,280
ExceptionExtensionsBenchmark.GetAllMessages,dotNetTips.Spargine.Extensions.BenchmarkTests,ExceptionExtensionsBenchmark,GetAllMessages,Job-XTFHVN,Default,True,Default,Default,Default,Default,Default,Default,Default,Default,Default,Default,Default,Default,Default,Default,Default,Default,Default,Default,Default,True,Default,Default,Default,Default,Default,.NET Core 5.0,Default,Default,Default,Default,Default,Default,Default,Default,Default,Default,Default,Default,"Job-XTFHVN(EvaluateOverhead=True, Server=True, Toolchain=.NET Core 5.0)",,1,Workload,Warmup,1,873136500,4194304,208.17,128,0,0,280
ExceptionExtensionsBenchmark.GetAllMessages,dotNetTips.Spargine.Extensions.BenchmarkTests,ExceptionExtensionsBenchmark,GetAllMessages,Job-XTFHVN,Default,True,Default,Default,Default,Default,Default,Default,Default,Default,Default,Default,Default,Default,Default,Default,Default,Default,Default,Default,Default,True,Default,Default,Default,Default,Default,.NET Core 5.0,Default,Default,Default,Default,Default,Default,Default,Default,Default,Default,Default,Default,"Job-XTFHVN(EvaluateOverhead=True, Server=True, Toolchain=.NET Core 5.0)",,1,Workload,Warmup,2,867646800,4194304,206.86,128,0,0,280
ExceptionExtensionsBenchmark.GetAllMessages,dotNetTips.Spargine.Extensions.BenchmarkTests,ExceptionExtensionsBenchmark,GetAllMessages,Job-XTFHVN,Default,True,Default,Default,Default,Default,Default,Default,Default,Default,Default,Default,Default,Default,Default,Default,Default,Default,Default,Default,Default,True,Default,Default,Default,Default,Default,.NET Core 5.0,Default,Default,Default,Default,Default,Default,Default,Default,Default,Default,Default,Default,"Job-XTFHVN(EvaluateOverhead=True, Server=True, Toolchain=.NET Core 5.0)",,1,Workload,Warmup,3,863910500,4194304,205.97,128,0,0,280
ExceptionExtensionsBenchmark.GetAllMessages,dotNetTips.Spargine.Extensions.BenchmarkTests,ExceptionExtensionsBenchmark,GetAllMessages,Job-XTFHVN,Default,True,Default,Default,Default,Default,Default,Default,Default,Default,Default,Default,Default,Default,Default,Default,Default,Default,Default,Default,Default,True,Default,Default,Default,Default,Default,.NET Core 5.0,Default,Default,Default,Default,Default,Default,Default,Default,Default,Default,Default,Default,"Job-XTFHVN(EvaluateOverhead=True, Server=True, Toolchain=.NET Core 5.0)",,1,Workload,Warmup,4,873612000,4194304,208.29,128,0,0,280
ExceptionExtensionsBenchmark.GetAllMessages,dotNetTips.Spargine.Extensions.BenchmarkTests,ExceptionExtensionsBenchmark,GetAllMessages,Job-XTFHVN,Default,True,Default,Default,Default,Default,Default,Default,Default,Default,Default,Default,Default,Default,Default,Default,Default,Default,Default,Default,Default,True,Default,Default,Default,Default,Default,.NET Core 5.0,Default,Default,Default,Default,Default,Default,Default,Default,Default,Default,Default,Default,"Job-XTFHVN(EvaluateOverhead=True, Server=True, Toolchain=.NET Core 5.0)",,1,Workload,Warmup,5,872373200,4194304,207.99,128,0,0,280
ExceptionExtensionsBenchmark.GetAllMessages,dotNetTips.Spargine.Extensions.BenchmarkTests,ExceptionExtensionsBenchmark,GetAllMessages,Job-XTFHVN,Default,True,Default,Default,Default,Default,Default,Default,Default,Default,Default,Default,Default,Default,Default,Default,Default,Default,Default,Default,Default,True,Default,Default,Default,Default,Default,.NET Core 5.0,Default,Default,Default,Default,Default,Default,Default,Default,Default,Default,Default,Default,"Job-XTFHVN(EvaluateOverhead=True, Server=True, Toolchain=.NET Core 5.0)",,1,Workload,Warmup,6,869890700,4194304,207.4,128,0,0,280
ExceptionExtensionsBenchmark.GetAllMessages,dotNetTips.Spargine.Extensions.BenchmarkTests,ExceptionExtensionsBenchmark,GetAllMessages,Job-XTFHVN,Default,True,Default,Default,Default,Default,Default,Default,Default,Default,Default,Default,Default,Default,Default,Default,Default,Default,Default,Default,Default,True,Default,Default,Default,Default,Default,.NET Core 5.0,Default,Default,Default,Default,Default,Default,Default,Default,Default,Default,Default,Default,"Job-XTFHVN(EvaluateOverhead=True, Server=True, Toolchain=.NET Core 5.0)",,1,Workload,Warmup,7,867220800,4194304,206.76,128,0,0,280
ExceptionExtensionsBenchmark.GetAllMessages,dotNetTips.Spargine.Extensions.BenchmarkTests,ExceptionExtensionsBenchmark,GetAllMessages,Job-XTFHVN,Default,True,Default,Default,Default,Default,Default,Default,Default,Default,Default,Default,Default,Default,Default,Default,Default,Default,Default,Default,Default,True,Default,Default,Default,Default,Default,.NET Core 5.0,Default,Default,Default,Default,Default,Default,Default,Default,Default,Default,Default,Default,"Job-XTFHVN(EvaluateOverhead=True, Server=True, Toolchain=.NET Core 5.0)",,1,Workload,Warmup,8,871417400,4194304,207.76,128,0,0,280
ExceptionExtensionsBenchmark.GetAllMessages,dotNetTips.Spargine.Extensions.BenchmarkTests,ExceptionExtensionsBenchmark,GetAllMessages,Job-XTFHVN,Default,True,Default,Default,Default,Default,Default,Default,Default,Default,Default,Default,Default,Default,Default,Default,Default,Default,Default,Default,Default,True,Default,Default,Default,Default,Default,.NET Core 5.0,Default,Default,Default,Default,Default,Default,Default,Default,Default,Default,Default,Default,"Job-XTFHVN(EvaluateOverhead=True, Server=True, Toolchain=.NET Core 5.0)",,1,Workload,Warmup,9,869418000,4194304,207.29,128,0,0,280
ExceptionExtensionsBenchmark.GetAllMessages,dotNetTips.Spargine.Extensions.BenchmarkTests,ExceptionExtensionsBenchmark,GetAllMessages,Job-XTFHVN,Default,True,Default,Default,Default,Default,Default,Default,Default,Default,Default,Default,Default,Default,Default,Default,Default,Default,Default,Default,Default,True,Default,Default,Default,Default,Default,.NET Core 5.0,Default,Default,Default,Default,Default,Default,Default,Default,Default,Default,Default,Default,"Job-XTFHVN(EvaluateOverhead=True, Server=True, Toolchain=.NET Core 5.0)",,1,Workload,Actual,1,868450200,4194304,207.05,128,0,0,280
ExceptionExtensionsBenchmark.GetAllMessages,dotNetTips.Spargine.Extensions.BenchmarkTests,ExceptionExtensionsBenchmark,GetAllMessages,Job-XTFHVN,Default,True,Default,Default,Default,Default,Default,Default,Default,Default,Default,Default,Default,Default,Default,Default,Default,Default,Default,Default,Default,True,Default,Default,Default,Default,Default,.NET Core 5.0,Default,Default,Default,Default,Default,Default,Default,Default,Default,Default,Default,Default,"Job-XTFHVN(EvaluateOverhead=True, Server=True, Toolchain=.NET Core 5.0)",,1,Workload,Actual,2,870083800,4194304,207.44,128,0,0,280
ExceptionExtensionsBenchmark.GetAllMessages,dotNetTips.Spargine.Extensions.BenchmarkTests,ExceptionExtensionsBenchmark,GetAllMessages,Job-XTFHVN,Default,True,Default,Default,Default,Default,Default,Default,Default,Default,Default,Default,Default,Default,Default,Default,Default,Default,Default,Default,Default,True,Default,Default,Default,Default,Default,.NET Core 5.0,Default,Default,Default,Default,Default,Default,Default,Default,Default,Default,Default,Default,"Job-XTFHVN(EvaluateOverhead=True, Server=True, Toolchain=.NET Core 5.0)",,1,Workload,Actual,3,868896400,4194304,207.16,128,0,0,280
ExceptionExtensionsBenchmark.GetAllMessages,dotNetTips.Spargine.Extensions.BenchmarkTests,ExceptionExtensionsBenchmark,GetAllMessages,Job-XTFHVN,Default,True,Default,Default,Default,Default,Default,Default,Default,Default,Default,Default,Default,Default,Default,Default,Default,Default,Default,Default,Default,True,Default,Default,Default,Default,Default,.NET Core 5.0,Default,Default,Default,Default,Default,Default,Default,Default,Default,Default,Default,Default,"Job-XTFHVN(EvaluateOverhead=True, Server=True, Toolchain=.NET Core 5.0)",,1,Workload,Actual,4,868464400,4194304,207.06,128,0,0,280
ExceptionExtensionsBenchmark.GetAllMessages,dotNetTips.Spargine.Extensions.BenchmarkTests,ExceptionExtensionsBenchmark,GetAllMessages,Job-XTFHVN,Default,True,Default,Default,Default,Default,Default,Default,Default,Default,Default,Default,Default,Default,Default,Default,Default,Default,Default,Default,Default,True,Default,Default,Default,Default,Default,.NET Core 5.0,Default,Default,Default,Default,Default,Default,Default,Default,Default,Default,Default,Default,"Job-XTFHVN(EvaluateOverhead=True, Server=True, Toolchain=.NET Core 5.0)",,1,Workload,Actual,5,852116900,4194304,203.16,128,0,0,280
ExceptionExtensionsBenchmark.GetAllMessages,dotNetTips.Spargine.Extensions.BenchmarkTests,ExceptionExtensionsBenchmark,GetAllMessages,Job-XTFHVN,Default,True,Default,Default,Default,Default,Default,Default,Default,Default,Default,Default,Default,Default,Default,Default,Default,Default,Default,Default,Default,True,Default,Default,Default,Default,Default,.NET Core 5.0,Default,Default,Default,Default,Default,Default,Default,Default,Default,Default,Default,Default,"Job-XTFHVN(EvaluateOverhead=True, Server=True, Toolchain=.NET Core 5.0)",,1,Workload,Actual,6,868655300,4194304,207.1,128,0,0,280
ExceptionExtensionsBenchmark.GetAllMessages,dotNetTips.Spargine.Extensions.BenchmarkTests,ExceptionExtensionsBenchmark,GetAllMessages,Job-XTFHVN,Default,True,Default,Default,Default,Default,Default,Default,Default,Default,Default,Default,Default,Default,Default,Default,Default,Default,Default,Default,Default,True,Default,Default,Default,Default,Default,.NET Core 5.0,Default,Default,Default,Default,Default,Default,Default,Default,Default,Default,Default,Default,"Job-XTFHVN(EvaluateOverhead=True, Server=True, Toolchain=.NET Core 5.0)",,1,Workload,Actual,7,869518200,4194304,207.31,128,0,0,280
ExceptionExtensionsBenchmark.GetAllMessages,dotNetTips.Spargine.Extensions.BenchmarkTests,ExceptionExtensionsBenchmark,GetAllMessages,Job-XTFHVN,Default,True,Default,Default,Default,Default,Default,Default,Default,Default,Default,Default,Default,Default,Default,Default,Default,Default,Default,Default,Default,True,Default,Default,Default,Default,Default,.NET Core 5.0,Default,Default,Default,Default,Default,Default,Default,Default,Default,Default,Default,Default,"Job-XTFHVN(EvaluateOverhead=True, Server=True, Toolchain=.NET Core 5.0)",,1,Workload,Actual,8,869564200,4194304,207.32,128,0,0,280
ExceptionExtensionsBenchmark.GetAllMessages,dotNetTips.Spargine.Extensions.BenchmarkTests,ExceptionExtensionsBenchmark,GetAllMessages,Job-XTFHVN,Default,True,Default,Default,Default,Default,Default,Default,Default,Default,Default,Default,Default,Default,Default,Default,Default,Default,Default,Default,Default,True,Default,Default,Default,Default,Default,.NET Core 5.0,Default,Default,Default,Default,Default,Default,Default,Default,Default,Default,Default,Default,"Job-XTFHVN(EvaluateOverhead=True, Server=True, Toolchain=.NET Core 5.0)",,1,Workload,Actual,9,868387600,4194304,207.04,128,0,0,280
ExceptionExtensionsBenchmark.GetAllMessages,dotNetTips.Spargine.Extensions.BenchmarkTests,ExceptionExtensionsBenchmark,GetAllMessages,Job-XTFHVN,Default,True,Default,Default,Default,Default,Default,Default,Default,Default,Default,Default,Default,Default,Default,Default,Default,Default,Default,Default,Default,True,Default,Default,Default,Default,Default,.NET Core 5.0,Default,Default,Default,Default,Default,Default,Default,Default,Default,Default,Default,Default,"Job-XTFHVN(EvaluateOverhead=True, Server=True, Toolchain=.NET Core 5.0)",,1,Workload,Actual,10,865864200,4194304,206.44,128,0,0,280
ExceptionExtensionsBenchmark.GetAllMessages,dotNetTips.Spargine.Extensions.BenchmarkTests,ExceptionExtensionsBenchmark,GetAllMessages,Job-XTFHVN,Default,True,Default,Default,Default,Default,Default,Default,Default,Default,Default,Default,Default,Default,Default,Default,Default,Default,Default,Default,Default,True,Default,Default,Default,Default,Default,.NET Core 5.0,Default,Default,Default,Default,Default,Default,Default,Default,Default,Default,Default,Default,"Job-XTFHVN(EvaluateOverhead=True, Server=True, Toolchain=.NET Core 5.0)",,1,Workload,Actual,11,859739600,4194304,204.98,128,0,0,280
ExceptionExtensionsBenchmark.GetAllMessages,dotNetTips.Spargine.Extensions.BenchmarkTests,ExceptionExtensionsBenchmark,GetAllMessages,Job-XTFHVN,Default,True,Default,Default,Default,Default,Default,Default,Default,Default,Default,Default,Default,Default,Default,Default,Default,Default,Default,Default,Default,True,Default,Default,Default,Default,Default,.NET Core 5.0,Default,Default,Default,Default,Default,Default,Default,Default,Default,Default,Default,Default,"Job-XTFHVN(EvaluateOverhead=True, Server=True, Toolchain=.NET Core 5.0)",,1,Workload,Actual,12,863294100,4194304,205.83,128,0,0,280
ExceptionExtensionsBenchmark.GetAllMessages,dotNetTips.Spargine.Extensions.BenchmarkTests,ExceptionExtensionsBenchmark,GetAllMessages,Job-XTFHVN,Default,True,Default,Default,Default,Default,Default,Default,Default,Default,Default,Default,Default,Default,Default,Default,Default,Default,Default,Default,Default,True,Default,Default,Default,Default,Default,.NET Core 5.0,Default,Default,Default,Default,Default,Default,Default,Default,Default,Default,Default,Default,"Job-XTFHVN(EvaluateOverhead=True, Server=True, Toolchain=.NET Core 5.0)",,1,Workload,Actual,13,868954900,4194304,207.17,128,0,0,280
ExceptionExtensionsBenchmark.GetAllMessages,dotNetTips.Spargine.Extensions.BenchmarkTests,ExceptionExtensionsBenchmark,GetAllMessages,Job-XTFHVN,Default,True,Default,Default,Default,Default,Default,Default,Default,Default,Default,Default,Default,Default,Default,Default,Default,Default,Default,Default,Default,True,Default,Default,Default,Default,Default,.NET Core 5.0,Default,Default,Default,Default,Default,Default,Default,Default,Default,Default,Default,Default,"Job-XTFHVN(EvaluateOverhead=True, Server=True, Toolchain=.NET Core 5.0)",,1,Workload,Actual,14,870617600,4194304,207.57,128,0,0,280
ExceptionExtensionsBenchmark.GetAllMessages,dotNetTips.Spargine.Extensions.BenchmarkTests,ExceptionExtensionsBenchmark,GetAllMessages,Job-XTFHVN,Default,True,Default,Default,Default,Default,Default,Default,Default,Default,Default,Default,Default,Default,Default,Default,Default,Default,Default,Default,Default,True,Default,Default,Default,Default,Default,.NET Core 5.0,Default,Default,Default,Default,Default,Default,Default,Default,Default,Default,Default,Default,"Job-XTFHVN(EvaluateOverhead=True, Server=True, Toolchain=.NET Core 5.0)",,1,Workload,Actual,15,868408400,4194304,207.04,128,0,0,280
ExceptionExtensionsBenchmark.GetAllMessages,dotNetTips.Spargine.Extensions.BenchmarkTests,ExceptionExtensionsBenchmark,GetAllMessages,Job-XTFHVN,Default,True,Default,Default,Default,Default,Default,Default,Default,Default,Default,Default,Default,Default,Default,Default,Default,Default,Default,Default,Default,True,Default,Default,Default,Default,Default,.NET Core 5.0,Default,Default,Default,Default,Default,Default,Default,Default,Default,Default,Default,Default,"Job-XTFHVN(EvaluateOverhead=True, Server=True, Toolchain=.NET Core 5.0)",,1,Workload,Result,1,860418600,4194304,205.14,128,0,0,280
ExceptionExtensionsBenchmark.GetAllMessages,dotNetTips.Spargine.Extensions.BenchmarkTests,ExceptionExtensionsBenchmark,GetAllMessages,Job-XTFHVN,Default,True,Default,Default,Default,Default,Default,Default,Default,Default,Default,Default,Default,Default,Default,Default,Default,Default,Default,Default,Default,True,Default,Default,Default,Default,Default,.NET Core 5.0,Default,Default,Default,Default,Default,Default,Default,Default,Default,Default,Default,Default,"Job-XTFHVN(EvaluateOverhead=True, Server=True, Toolchain=.NET Core 5.0)",,1,Workload,Result,2,862052200,4194304,205.53,128,0,0,280
ExceptionExtensionsBenchmark.GetAllMessages,dotNetTips.Spargine.Extensions.BenchmarkTests,ExceptionExtensionsBenchmark,GetAllMessages,Job-XTFHVN,Default,True,Default,Default,Default,Default,Default,Default,Default,Default,Default,Default,Default,Default,Default,Default,Default,Default,Default,Default,Default,True,Default,Default,Default,Default,Default,.NET Core 5.0,Default,Default,Default,Default,Default,Default,Default,Default,Default,Default,Default,Default,"Job-XTFHVN(EvaluateOverhead=True, Server=True, Toolchain=.NET Core 5.0)",,1,Workload,Result,3,860864800,4194304,205.25,128,0,0,280
ExceptionExtensionsBenchmark.GetAllMessages,dotNetTips.Spargine.Extensions.BenchmarkTests,ExceptionExtensionsBenchmark,GetAllMessages,Job-XTFHVN,Default,True,Default,Default,Default,Default,Default,Default,Default,Default,Default,Default,Default,Default,Default,Default,Default,Default,Default,Default,Default,True,Default,Default,Default,Default,Default,.NET Core 5.0,Default,Default,Default,Default,Default,Default,Default,Default,Default,Default,Default,Default,"Job-XTFHVN(EvaluateOverhead=True, Server=True, Toolchain=.NET Core 5.0)",,1,Workload,Result,4,860432800,4194304,205.14,128,0,0,280
ExceptionExtensionsBenchmark.GetAllMessages,dotNetTips.Spargine.Extensions.BenchmarkTests,ExceptionExtensionsBenchmark,GetAllMessages,Job-XTFHVN,Default,True,Default,Default,Default,Default,Default,Default,Default,Default,Default,Default,Default,Default,Default,Default,Default,Default,Default,Default,Default,True,Default,Default,Default,Default,Default,.NET Core 5.0,Default,Default,Default,Default,Default,Default,Default,Default,Default,Default,Default,Default,"Job-XTFHVN(EvaluateOverhead=True, Server=True, Toolchain=.NET Core 5.0)",,1,Workload,Result,5,844085300,4194304,201.25,128,0,0,280
ExceptionExtensionsBenchmark.GetAllMessages,dotNetTips.Spargine.Extensions.BenchmarkTests,ExceptionExtensionsBenchmark,GetAllMessages,Job-XTFHVN,Default,True,Default,Default,Default,Default,Default,Default,Default,Default,Default,Default,Default,Default,Default,Default,Default,Default,Default,Default,Default,True,Default,Default,Default,Default,Default,.NET Core 5.0,Default,Default,Default,Default,Default,Default,Default,Default,Default,Default,Default,Default,"Job-XTFHVN(EvaluateOverhead=True, Server=True, Toolchain=.NET Core 5.0)",,1,Workload,Result,6,860623700,4194304,205.19,128,0,0,280
ExceptionExtensionsBenchmark.GetAllMessages,dotNetTips.Spargine.Extensions.BenchmarkTests,ExceptionExtensionsBenchmark,GetAllMessages,Job-XTFHVN,Default,True,Default,Default,Default,Default,Default,Default,Default,Default,Default,Default,Default,Default,Default,Default,Default,Default,Default,Default,Default,True,Default,Default,Default,Default,Default,.NET Core 5.0,Default,Default,Default,Default,Default,Default,Default,Default,Default,Default,Default,Default,"Job-XTFHVN(EvaluateOverhead=True, Server=True, Toolchain=.NET Core 5.0)",,1,Workload,Result,7,861486600,4194304,205.39,128,0,0,280
ExceptionExtensionsBenchmark.GetAllMessages,dotNetTips.Spargine.Extensions.BenchmarkTests,ExceptionExtensionsBenchmark,GetAllMessages,Job-XTFHVN,Default,True,Default,Default,Default,Default,Default,Default,Default,Default,Default,Default,Default,Default,Default,Default,Default,Default,Default,Default,Default,True,Default,Default,Default,Default,Default,.NET Core 5.0,Default,Default,Default,Default,Default,Default,Default,Default,Default,Default,Default,Default,"Job-XTFHVN(EvaluateOverhead=True, Server=True, Toolchain=.NET Core 5.0)",,1,Workload,Result,8,861532600,4194304,205.41,128,0,0,280
ExceptionExtensionsBenchmark.GetAllMessages,dotNetTips.Spargine.Extensions.BenchmarkTests,ExceptionExtensionsBenchmark,GetAllMessages,Job-XTFHVN,Default,True,Default,Default,Default,Default,Default,Default,Default,Default,Default,Default,Default,Default,Default,Default,Default,Default,Default,Default,Default,True,Default,Default,Default,Default,Default,.NET Core 5.0,Default,Default,Default,Default,Default,Default,Default,Default,Default,Default,Default,Default,"Job-XTFHVN(EvaluateOverhead=True, Server=True, Toolchain=.NET Core 5.0)",,1,Workload,Result,9,860356000,4194304,205.12,128,0,0,280
ExceptionExtensionsBenchmark.GetAllMessages,dotNetTips.Spargine.Extensions.BenchmarkTests,ExceptionExtensionsBenchmark,GetAllMessages,Job-XTFHVN,Default,True,Default,Default,Default,Default,Default,Default,Default,Default,Default,Default,Default,Default,Default,Default,Default,Default,Default,Default,Default,True,Default,Default,Default,Default,Default,.NET Core 5.0,Default,Default,Default,Default,Default,Default,Default,Default,Default,Default,Default,Default,"Job-XTFHVN(EvaluateOverhead=True, Server=True, Toolchain=.NET Core 5.0)",,1,Workload,Result,10,857832600,4194304,204.52,128,0,0,280
ExceptionExtensionsBenchmark.GetAllMessages,dotNetTips.Spargine.Extensions.BenchmarkTests,ExceptionExtensionsBenchmark,GetAllMessages,Job-XTFHVN,Default,True,Default,Default,Default,Default,Default,Default,Default,Default,Default,Default,Default,Default,Default,Default,Default,Default,Default,Default,Default,True,Default,Default,Default,Default,Default,.NET Core 5.0,Default,Default,Default,Default,Default,Default,Default,Default,Default,Default,Default,Default,"Job-XTFHVN(EvaluateOverhead=True, Server=True, Toolchain=.NET Core 5.0)",,1,Workload,Result,11,851708000,4194304,203.06,128,0,0,280
ExceptionExtensionsBenchmark.GetAllMessages,dotNetTips.Spargine.Extensions.BenchmarkTests,ExceptionExtensionsBenchmark,GetAllMessages,Job-XTFHVN,Default,True,Default,Default,Default,Default,Default,Default,Default,Default,Default,Default,Default,Default,Default,Default,Default,Default,Default,Default,Default,True,Default,Default,Default,Default,Default,.NET Core 5.0,Default,Default,Default,Default,Default,Default,Default,Default,Default,Default,Default,Default,"Job-XTFHVN(EvaluateOverhead=True, Server=True, Toolchain=.NET Core 5.0)",,1,Workload,Result,12,855262500,4194304,203.91,128,0,0,280
ExceptionExtensionsBenchmark.GetAllMessages,dotNetTips.Spargine.Extensions.BenchmarkTests,ExceptionExtensionsBenchmark,GetAllMessages,Job-XTFHVN,Default,True,Default,Default,Default,Default,Default,Default,Default,Default,Default,Default,Default,Default,Default,Default,Default,Default,Default,Default,Default,True,Default,Default,Default,Default,Default,.NET Core 5.0,Default,Default,Default,Default,Default,Default,Default,Default,Default,Default,Default,Default,"Job-XTFHVN(EvaluateOverhead=True, Server=True, Toolchain=.NET Core 5.0)",,1,Workload,Result,13,860923300,4194304,205.26,128,0,0,280
ExceptionExtensionsBenchmark.GetAllMessages,dotNetTips.Spargine.Extensions.BenchmarkTests,ExceptionExtensionsBenchmark,GetAllMessages,Job-XTFHVN,Default,True,Default,Default,Default,Default,Default,Default,Default,Default,Default,Default,Default,Default,Default,Default,Default,Default,Default,Default,Default,True,Default,Default,Default,Default,Default,.NET Core 5.0,Default,Default,Default,Default,Default,Default,Default,Default,Default,Default,Default,Default,"Job-XTFHVN(EvaluateOverhead=True, Server=True, Toolchain=.NET Core 5.0)",,1,Workload,Result,14,862586000,4194304,205.66,128,0,0,280
ExceptionExtensionsBenchmark.GetAllMessages,dotNetTips.Spargine.Extensions.BenchmarkTests,ExceptionExtensionsBenchmark,GetAllMessages,Job-XTFHVN,Default,True,Default,Default,Default,Default,Default,Default,Default,Default,Default,Default,Default,Default,Default,Default,Default,Default,Default,Default,Default,True,Default,Default,Default,Default,Default,.NET Core 5.0,Default,Default,Default,Default,Default,Default,Default,Default,Default,Default,Default,Default,"Job-XTFHVN(EvaluateOverhead=True, Server=True, Toolchain=.NET Core 5.0)",,1,Workload,Result,15,860376800,4194304,205.13,128,0,0,280
