Method,Job,AnalyzeLaunchVariance,EvaluateOverhead,MaxAbsoluteError,MaxRelativeError,MinInvokeCount,MinIterationTime,OutlierMode,Affinity,EnvironmentVariables,Jit,Platform,PowerPlanMode,Runtime,AllowVeryLargeObjects,Concurrent,CpuGroups,Force,HeapAffinitizeMask,HeapCount,NoAffinitize,RetainVm,Server,Arguments,BuildConfiguration,Clock,EngineFactory,NuGetReferences,Toolchain,IsMutator,InvocationCount,IterationCount,IterationTime,LaunchCount,MaxIterationCount,MaxWarmupIterationCount,MemoryRandomization,MinIterationCount,MinWarmupIterationCount,RunStrategy,UnrollFactor,WarmupCount,Namespace,Categories,Count,Mean,Error,StdDev,StdErr,Median,Min,Q1,Q3,Max,Op/s,CI99.9% Margin,Iterations,Kurtosis,MValue,Skewness,Rank,LogicalGroup,Baseline,Gen 0,Code Size,Gen 1,Gen 2,Allocated
'AddIfNotExists: Params with dups',Job-WORVYS,False,True,Default,Default,Default,Default,Default,1111,Empty,RyuJit,X64,8c5e7fda-e8bf-4a96-9a85-a6e23a8c635c,.NET 6.0,False,True,False,True,Default,Default,False,False,True,Default,Default,Default,Default,Default,.NET 6.0,Default,1,Default,Default,Default,Default,Default,Default,Default,Default,Default,16,Default,DotNetTips.Spargine.Extensions.BenchmarkTests,Collections,10,"136,727.196 ns",831.7205 ns,694.5243 ns,192.6264 ns,"136,787.439 ns","135,491.077 ns","136,284.045 ns","137,027.576 ns","138,105.457 ns","7,313.83",831.7205 ns,13.00,2.285,2.000,0.1569,23,*,No,4.6387,"1,542 B",-,-,"41,128 B"
'AddIfNotExists: Params with dups',Job-WORVYS,False,True,Default,Default,Default,Default,Default,1111,Empty,RyuJit,X64,8c5e7fda-e8bf-4a96-9a85-a6e23a8c635c,.NET 6.0,False,True,False,True,Default,Default,False,False,True,Default,Default,Default,Default,Default,.NET 6.0,Default,1,Default,Default,Default,Default,Default,Default,Default,Default,Default,16,Default,DotNetTips.Spargine.Extensions.BenchmarkTests,Collections,25,"211,913.266 ns","2,835.7756 ns","2,652.5862 ns",684.8948 ns,"211,163.220 ns","208,347.058 ns","210,206.323 ns","213,614.856 ns","218,323.376 ns","4,718.91","2,835.7756 ns",15.00,2.862,2.000,0.8041,24,*,No,7.5684,"1,542 B",0.2441,-,"70,096 B"
'AddIfNotExists: Params with dups',Job-WORVYS,False,True,Default,Default,Default,Default,Default,1111,Empty,RyuJit,X64,8c5e7fda-e8bf-4a96-9a85-a6e23a8c635c,.NET 6.0,False,True,False,True,Default,Default,False,False,True,Default,Default,Default,Default,Default,.NET 6.0,Default,1,Default,Default,Default,Default,Default,Default,Default,Default,Default,16,Default,DotNetTips.Spargine.Extensions.BenchmarkTests,Collections,50,"333,635.044 ns","3,427.7190 ns","3,206.2905 ns",827.8606 ns,"333,724.927 ns","327,787.476 ns","332,093.555 ns","335,782.642 ns","338,477.466 ns","2,997.29","3,427.7190 ns",15.00,2.096,2.000,-0.4640,29,*,No,13.1836,"1,542 B",1.4648,-,"117,768 B"
'AddIfNotExists: Params with dups',Job-WORVYS,False,True,Default,Default,Default,Default,Default,1111,Empty,RyuJit,X64,8c5e7fda-e8bf-4a96-9a85-a6e23a8c635c,.NET 6.0,False,True,False,True,Default,Default,False,False,True,Default,Default,Default,Default,Default,.NET 6.0,Default,1,Default,Default,Default,Default,Default,Default,Default,Default,Default,16,Default,DotNetTips.Spargine.Extensions.BenchmarkTests,Collections,100,"798,251.735 ns","21,847.6305 ns","63,383.9376 ns","6,435.6638 ns","785,041.455 ns","658,049.756 ns","755,097.998 ns","834,993.604 ns","951,795.166 ns","1,252.74","21,847.6305 ns",97.00,2.544,2.933,0.4324,34,*,No,22.4609,"1,542 B",11.7188,10.7422,"213,344 B"
'AddIfNotExists: Params with dups',Job-WORVYS,False,True,Default,Default,Default,Default,Default,1111,Empty,RyuJit,X64,8c5e7fda-e8bf-4a96-9a85-a6e23a8c635c,.NET 6.0,False,True,False,True,Default,Default,False,False,True,Default,Default,Default,Default,Default,.NET 6.0,Default,1,Default,Default,Default,Default,Default,Default,Default,Default,Default,16,Default,DotNetTips.Spargine.Extensions.BenchmarkTests,Collections,250,"1,444,529.499 ns","27,569.5495 ns","68,657.7452 ns","8,035.7813 ns","1,417,990.137 ns","1,340,458.105 ns","1,394,642.480 ns","1,498,616.309 ns","1,620,253.418 ns",692.27,"27,569.5495 ns",73.00,2.613,2.074,0.6883,39,*,No,46.8750,"1,542 B",31.2500,23.4375,"497,551 B"
'AddIfNotExists: Params with dups',Job-WORVYS,False,True,Default,Default,Default,Default,Default,1111,Empty,RyuJit,X64,8c5e7fda-e8bf-4a96-9a85-a6e23a8c635c,.NET 6.0,False,True,False,True,Default,Default,False,False,True,Default,Default,Default,Default,Default,.NET 6.0,Default,1,Default,Default,Default,Default,Default,Default,Default,Default,Default,16,Default,DotNetTips.Spargine.Extensions.BenchmarkTests,Collections,500,"2,697,022.856 ns","49,391.2633 ns","93,972.0116 ns","14,008.5204 ns","2,670,745.703 ns","2,601,501.953 ns","2,629,601.172 ns","2,722,908.203 ns","2,916,202.344 ns",370.78,"49,391.2633 ns",45.00,3.060,2.000,1.1659,42,*,No,82.0313,"1,542 B",50.7813,50.7813,"972,906 B"
'AddIfNotExists: Params with dups',Job-WORVYS,False,True,Default,Default,Default,Default,Default,1111,Empty,RyuJit,X64,8c5e7fda-e8bf-4a96-9a85-a6e23a8c635c,.NET 6.0,False,True,False,True,Default,Default,False,False,True,Default,Default,Default,Default,Default,.NET 6.0,Default,1,Default,Default,Default,Default,Default,Default,Default,Default,Default,16,Default,DotNetTips.Spargine.Extensions.BenchmarkTests,Collections,1000,"5,420,622.746 ns","102,822.7133 ns","168,940.6666 ns","28,556.1846 ns","5,382,343.750 ns","5,133,129.688 ns","5,327,772.656 ns","5,509,436.328 ns","5,877,957.031 ns",184.48,"102,822.7133 ns",35.00,3.264,2.000,0.7970,46,*,No,156.2500,"1,542 B",148.4375,132.8125,"2,403,252 B"
'AddIfNotExists: Params with dups',Job-WORVYS,False,True,Default,Default,Default,Default,Default,1111,Empty,RyuJit,X64,8c5e7fda-e8bf-4a96-9a85-a6e23a8c635c,.NET 6.0,False,True,False,True,Default,Default,False,False,True,Default,Default,Default,Default,Default,.NET 6.0,Default,1,Default,Default,Default,Default,Default,Default,Default,Default,Default,16,Default,DotNetTips.Spargine.Extensions.BenchmarkTests,Collections,2500,"13,508,425.925 ns","269,164.1252 ns","537,549.8419 ns","76,792.8346 ns","13,230,406.250 ns","12,980,878.125 ns","13,107,939.062 ns","13,934,482.812 ns","14,778,145.312 ns",74.03,"269,164.1252 ns",49.00,2.435,2.200,0.9396,53,*,No,234.3750,"1,542 B",218.7500,171.8750,"6,001,616 B"
'AddIfNotExists: Params',Job-WORVYS,False,True,Default,Default,Default,Default,Default,1111,Empty,RyuJit,X64,8c5e7fda-e8bf-4a96-9a85-a6e23a8c635c,.NET 6.0,False,True,False,True,Default,Default,False,False,True,Default,Default,Default,Default,Default,.NET 6.0,Default,1,Default,Default,Default,Default,Default,Default,Default,Default,Default,16,Default,DotNetTips.Spargine.Extensions.BenchmarkTests,Collections,10,"136,716.204 ns","1,923.0645 ns","1,704.7466 ns",455.6127 ns,"136,636.243 ns","134,327.747 ns","135,293.610 ns","138,108.276 ns","139,630.115 ns","7,314.42","1,923.0645 ns",14.00,1.626,2.000,0.2608,23,*,No,4.6387,"1,542 B",-,-,"40,648 B"
'AddIfNotExists: Params',Job-WORVYS,False,True,Default,Default,Default,Default,Default,1111,Empty,RyuJit,X64,8c5e7fda-e8bf-4a96-9a85-a6e23a8c635c,.NET 6.0,False,True,False,True,Default,Default,False,False,True,Default,Default,Default,Default,Default,.NET 6.0,Default,1,Default,Default,Default,Default,Default,Default,Default,Default,Default,16,Default,DotNetTips.Spargine.Extensions.BenchmarkTests,Collections,25,"213,878.265 ns","1,465.4754 ns","1,370.8066 ns",353.9407 ns,"213,845.581 ns","211,309.814 ns","212,993.164 ns","215,137.402 ns","215,739.771 ns","4,675.56","1,465.4754 ns",15.00,1.705,2.000,-0.1778,24,*,No,7.8125,"1,542 B",0.2441,-,"69,816 B"
'AddIfNotExists: Params',Job-WORVYS,False,True,Default,Default,Default,Default,Default,1111,Empty,RyuJit,X64,8c5e7fda-e8bf-4a96-9a85-a6e23a8c635c,.NET 6.0,False,True,False,True,Default,Default,False,False,True,Default,Default,Default,Default,Default,.NET 6.0,Default,1,Default,Default,Default,Default,Default,Default,Default,Default,Default,16,Default,DotNetTips.Spargine.Extensions.BenchmarkTests,Collections,50,"337,483.156 ns","3,365.3812 ns","3,147.9797 ns",812.8049 ns,"338,520.532 ns","332,240.356 ns","335,063.232 ns","339,977.197 ns","341,432.251 ns","2,963.11","3,365.3812 ns",15.00,1.652,2.000,-0.5299,29,*,No,13.1836,"1,542 B",1.4648,-,"117,704 B"
'AddIfNotExists: Params',Job-WORVYS,False,True,Default,Default,Default,Default,Default,1111,Empty,RyuJit,X64,8c5e7fda-e8bf-4a96-9a85-a6e23a8c635c,.NET 6.0,False,True,False,True,Default,Default,False,False,True,Default,Default,Default,Default,Default,.NET 6.0,Default,1,Default,Default,Default,Default,Default,Default,Default,Default,Default,16,Default,DotNetTips.Spargine.Extensions.BenchmarkTests,Collections,100,"789,916.870 ns","20,437.2598 ns","59,938.9451 ns","6,024.0906 ns","784,600.781 ns","683,134.082 ns","742,126.611 ns","826,887.891 ns","916,406.445 ns","1,265.96","20,437.2598 ns",99.00,2.309,2.323,0.3134,34,*,No,20.5078,"1,542 B",9.7656,9.7656,"212,056 B"
'AddIfNotExists: Params',Job-WORVYS,False,True,Default,Default,Default,Default,Default,1111,Empty,RyuJit,X64,8c5e7fda-e8bf-4a96-9a85-a6e23a8c635c,.NET 6.0,False,True,False,True,Default,Default,False,False,True,Default,Default,Default,Default,Default,.NET 6.0,Default,1,Default,Default,Default,Default,Default,Default,Default,Default,Default,16,Default,DotNetTips.Spargine.Extensions.BenchmarkTests,Collections,250,"1,397,015.931 ns","26,959.8352 ns","41,170.5157 ns","7,394.4429 ns","1,380,936.621 ns","1,348,310.645 ns","1,366,341.113 ns","1,408,903.516 ns","1,491,225.488 ns",715.81,"26,959.8352 ns",31.00,2.688,2.000,1.0003,38,*,No,50.7813,"1,542 B",33.2031,23.4375,"496,585 B"
'AddIfNotExists: Params',Job-WORVYS,False,True,Default,Default,Default,Default,Default,1111,Empty,RyuJit,X64,8c5e7fda-e8bf-4a96-9a85-a6e23a8c635c,.NET 6.0,False,True,False,True,Default,Default,False,False,True,Default,Default,Default,Default,Default,.NET 6.0,Default,1,Default,Default,Default,Default,Default,Default,Default,Default,Default,16,Default,DotNetTips.Spargine.Extensions.BenchmarkTests,Collections,500,"2,747,638.291 ns","54,843.1313 ns","142,544.5901 ns","16,037.5194 ns","2,683,939.062 ns","2,562,123.828 ns","2,634,722.656 ns","2,863,265.820 ns","3,104,746.094 ns",363.95,"54,843.1313 ns",79.00,2.337,2.114,0.7508,42,*,No,101.5625,"1,542 B",66.4063,50.7813,"972,897 B"
'AddIfNotExists: Params',Job-WORVYS,False,True,Default,Default,Default,Default,Default,1111,Empty,RyuJit,X64,8c5e7fda-e8bf-4a96-9a85-a6e23a8c635c,.NET 6.0,False,True,False,True,Default,Default,False,False,True,Default,Default,Default,Default,Default,.NET 6.0,Default,1,Default,Default,Default,Default,Default,Default,Default,Default,Default,16,Default,DotNetTips.Spargine.Extensions.BenchmarkTests,Collections,1000,"5,486,918.780 ns","98,613.4285 ns","82,346.6791 ns","22,838.8595 ns","5,471,702.734 ns","5,318,841.797 ns","5,446,031.641 ns","5,528,072.266 ns","5,614,541.797 ns",182.25,"98,613.4285 ns",13.00,2.374,2.000,-0.0126,46,*,No,187.5000,"1,542 B",164.0625,132.8125,"2,400,235 B"
'AddIfNotExists: Params',Job-WORVYS,False,True,Default,Default,Default,Default,Default,1111,Empty,RyuJit,X64,8c5e7fda-e8bf-4a96-9a85-a6e23a8c635c,.NET 6.0,False,True,False,True,Default,Default,False,False,True,Default,Default,Default,Default,Default,.NET 6.0,Default,1,Default,Default,Default,Default,Default,Default,Default,Default,Default,16,Default,DotNetTips.Spargine.Extensions.BenchmarkTests,Collections,2500,"13,095,955.729 ns","79,962.6168 ns","62,429.5514 ns","18,021.8592 ns","13,095,397.656 ns","12,994,223.438 ns","13,050,347.266 ns","13,138,087.500 ns","13,185,728.125 ns",76.36,"79,962.6168 ns",12.00,1.585,2.000,-0.0772,52,*,No,265.6250,"1,542 B",218.7500,203.1250,"6,005,404 B"
'BytesToString ReadOnlySpan<>',Job-WORVYS,False,True,Default,Default,Default,Default,Default,1111,Empty,RyuJit,X64,8c5e7fda-e8bf-4a96-9a85-a6e23a8c635c,.NET 6.0,False,True,False,True,Default,Default,False,False,True,Default,Default,Default,Default,Default,.NET 6.0,Default,1,Default,Default,Default,Default,Default,Default,Default,Default,Default,16,Default,DotNetTips.Spargine.Extensions.BenchmarkTests,"Strings,Collections",10,"28,321.037 ns",381.3670 ns,356.7309 ns,92.1075 ns,"28,242.654 ns","27,885.031 ns","28,039.308 ns","28,507.327 ns","29,147.998 ns","35,309.44",381.3670 ns,15.00,2.539,2.000,0.6521,13,*,No,4.9133,729 B,0.0305,-,"43,320 B"
'BytesToString ReadOnlySpan<>',Job-WORVYS,False,True,Default,Default,Default,Default,Default,1111,Empty,RyuJit,X64,8c5e7fda-e8bf-4a96-9a85-a6e23a8c635c,.NET 6.0,False,True,False,True,Default,Default,False,False,True,Default,Default,Default,Default,Default,.NET 6.0,Default,1,Default,Default,Default,Default,Default,Default,Default,Default,Default,16,Default,DotNetTips.Spargine.Extensions.BenchmarkTests,"Strings,Collections",25,"29,784.348 ns",582.0131 ns,571.6147 ns,142.9037 ns,"29,835.989 ns","28,827.667 ns","29,187.817 ns","30,234.085 ns","30,499.988 ns","33,574.68",582.0131 ns,16.00,1.488,2.000,-0.2627,14,*,No,4.9438,729 B,-,-,"43,320 B"
'BytesToString ReadOnlySpan<>',Job-WORVYS,False,True,Default,Default,Default,Default,Default,1111,Empty,RyuJit,X64,8c5e7fda-e8bf-4a96-9a85-a6e23a8c635c,.NET 6.0,False,True,False,True,Default,Default,False,False,True,Default,Default,Default,Default,Default,.NET 6.0,Default,1,Default,Default,Default,Default,Default,Default,Default,Default,Default,16,Default,DotNetTips.Spargine.Extensions.BenchmarkTests,"Strings,Collections",50,"29,644.324 ns",514.2441 ns,481.0243 ns,124.1999 ns,"29,589.850 ns","28,948.990 ns","29,210.596 ns","29,989.868 ns","30,419.095 ns","33,733.27",514.2441 ns,15.00,1.430,2.000,0.1461,14,*,No,4.9133,729 B,0.0610,-,"43,320 B"
'BytesToString ReadOnlySpan<>',Job-WORVYS,False,True,Default,Default,Default,Default,Default,1111,Empty,RyuJit,X64,8c5e7fda-e8bf-4a96-9a85-a6e23a8c635c,.NET 6.0,False,True,False,True,Default,Default,False,False,True,Default,Default,Default,Default,Default,.NET 6.0,Default,1,Default,Default,Default,Default,Default,Default,Default,Default,Default,16,Default,DotNetTips.Spargine.Extensions.BenchmarkTests,"Strings,Collections",100,"29,583.990 ns",551.6405 ns,516.0048 ns,133.2319 ns,"29,623.579 ns","28,887.691 ns","29,121.686 ns","29,912.732 ns","30,426.952 ns","33,802.07",551.6405 ns,15.00,1.551,2.000,0.1047,14,*,No,4.9133,729 B,0.0305,-,"43,320 B"
'BytesToString ReadOnlySpan<>',Job-WORVYS,False,True,Default,Default,Default,Default,Default,1111,Empty,RyuJit,X64,8c5e7fda-e8bf-4a96-9a85-a6e23a8c635c,.NET 6.0,False,True,False,True,Default,Default,False,False,True,Default,Default,Default,Default,Default,.NET 6.0,Default,1,Default,Default,Default,Default,Default,Default,Default,Default,Default,16,Default,DotNetTips.Spargine.Extensions.BenchmarkTests,"Strings,Collections",250,"29,456.274 ns",333.9595 ns,312.3859 ns,80.6577 ns,"29,582.440 ns","28,937.607 ns","29,173.720 ns","29,622.002 ns","29,974.689 ns","33,948.62",333.9595 ns,15.00,1.758,2.000,-0.2198,14,*,No,4.9438,729 B,-,-,"43,320 B"
'BytesToString ReadOnlySpan<>',Job-WORVYS,False,True,Default,Default,Default,Default,Default,1111,Empty,RyuJit,X64,8c5e7fda-e8bf-4a96-9a85-a6e23a8c635c,.NET 6.0,False,True,False,True,Default,Default,False,False,True,Default,Default,Default,Default,Default,.NET 6.0,Default,1,Default,Default,Default,Default,Default,Default,Default,Default,Default,16,Default,DotNetTips.Spargine.Extensions.BenchmarkTests,"Strings,Collections",500,"28,725.980 ns",315.5477 ns,295.1635 ns,76.2109 ns,"28,757.590 ns","28,225.357 ns","28,560.016 ns","28,906.732 ns","29,133.902 ns","34,811.69",315.5477 ns,15.00,1.866,2.000,-0.3895,13,*,No,4.8523,729 B,-,-,"43,320 B"
'BytesToString ReadOnlySpan<>',Job-WORVYS,False,True,Default,Default,Default,Default,Default,1111,Empty,RyuJit,X64,8c5e7fda-e8bf-4a96-9a85-a6e23a8c635c,.NET 6.0,False,True,False,True,Default,Default,False,False,True,Default,Default,Default,Default,Default,.NET 6.0,Default,1,Default,Default,Default,Default,Default,Default,Default,Default,Default,16,Default,DotNetTips.Spargine.Extensions.BenchmarkTests,"Strings,Collections",1000,"28,338.178 ns",447.1967 ns,418.3081 ns,108.0067 ns,"28,187.164 ns","27,867.062 ns","27,993.475 ns","28,624.164 ns","29,364.624 ns","35,288.08",447.1967 ns,15.00,2.855,2.000,0.8498,13,*,No,4.6692,729 B,-,-,"43,320 B"
'BytesToString ReadOnlySpan<>',Job-WORVYS,False,True,Default,Default,Default,Default,Default,1111,Empty,RyuJit,X64,8c5e7fda-e8bf-4a96-9a85-a6e23a8c635c,.NET 6.0,False,True,False,True,Default,Default,False,False,True,Default,Default,Default,Default,Default,.NET 6.0,Default,1,Default,Default,Default,Default,Default,Default,Default,Default,Default,16,Default,DotNetTips.Spargine.Extensions.BenchmarkTests,"Strings,Collections",2500,"31,310.278 ns",619.1363 ns,548.8482 ns,146.6859 ns,"31,421.326 ns","29,971.567 ns","31,096.416 ns","31,710.313 ns","32,079.562 ns","31,938.39",619.1363 ns,14.00,3.098,2.000,-0.9003,14,*,No,4.8828,729 B,-,-,"43,320 B"
'Clone: Array-CoordinateProper',Job-WORVYS,False,True,Default,Default,Default,Default,Default,1111,Empty,RyuJit,X64,8c5e7fda-e8bf-4a96-9a85-a6e23a8c635c,.NET 6.0,False,True,False,True,Default,Default,False,False,True,Default,Default,Default,Default,Default,.NET 6.0,Default,1,Default,Default,Default,Default,Default,Default,Default,Default,Default,16,Default,DotNetTips.Spargine.Extensions.BenchmarkTests,Collections,10,"12,808.640 ns",84.0770 ns,74.5321 ns,19.9195 ns,"12,778.969 ns","12,691.418 ns","12,757.110 ns","12,882.779 ns","12,924.929 ns","78,072.30",84.0770 ns,14.00,1.360,2.000,0.1228,11,*,No,0.5341,254 B,-,-,"4,944 B"
'Clone: Array-CoordinateProper',Job-WORVYS,False,True,Default,Default,Default,Default,Default,1111,Empty,RyuJit,X64,8c5e7fda-e8bf-4a96-9a85-a6e23a8c635c,.NET 6.0,False,True,False,True,Default,Default,False,False,True,Default,Default,Default,Default,Default,.NET 6.0,Default,1,Default,Default,Default,Default,Default,Default,Default,Default,Default,16,Default,DotNetTips.Spargine.Extensions.BenchmarkTests,Collections,25,"30,199.168 ns",439.6563 ns,411.2547 ns,106.1855 ns,"30,347.127 ns","29,561.089 ns","29,851.205 ns","30,570.016 ns","30,717.619 ns","33,113.50",439.6563 ns,15.00,1.368,2.000,-0.2237,14,*,No,0.9766,254 B,-,-,"9,104 B"
'Clone: Array-CoordinateProper',Job-WORVYS,False,True,Default,Default,Default,Default,Default,1111,Empty,RyuJit,X64,8c5e7fda-e8bf-4a96-9a85-a6e23a8c635c,.NET 6.0,False,True,False,True,Default,Default,False,False,True,Default,Default,Default,Default,Default,.NET 6.0,Default,1,Default,Default,Default,Default,Default,Default,Default,Default,Default,16,Default,DotNetTips.Spargine.Extensions.BenchmarkTests,Collections,50,"57,441.141 ns",457.2145 ns,427.6787 ns,110.4262 ns,"57,294.098 ns","56,848.047 ns","57,179.474 ns","57,679.657 ns","58,320.758 ns","17,409.12",457.2145 ns,15.00,2.344,2.000,0.6690,17,*,No,1.7700,254 B,-,-,"16,176 B"
'Clone: Array-CoordinateProper',Job-WORVYS,False,True,Default,Default,Default,Default,Default,1111,Empty,RyuJit,X64,8c5e7fda-e8bf-4a96-9a85-a6e23a8c635c,.NET 6.0,False,True,False,True,Default,Default,False,False,True,Default,Default,Default,Default,Default,.NET 6.0,Default,1,Default,Default,Default,Default,Default,Default,Default,Default,Default,16,Default,DotNetTips.Spargine.Extensions.BenchmarkTests,Collections,100,"115,463.930 ns",715.0656 ns,668.8728 ns,172.7022 ns,"115,395.557 ns","114,371.912 ns","114,949.933 ns","116,037.402 ns","116,675.049 ns","8,660.71",715.0656 ns,15.00,1.759,2.000,0.1005,21,*,No,3.2959,254 B,-,-,"30,368 B"
'Clone: Array-CoordinateProper',Job-WORVYS,False,True,Default,Default,Default,Default,Default,1111,Empty,RyuJit,X64,8c5e7fda-e8bf-4a96-9a85-a6e23a8c635c,.NET 6.0,False,True,False,True,Default,Default,False,False,True,Default,Default,Default,Default,Default,.NET 6.0,Default,1,Default,Default,Default,Default,Default,Default,Default,Default,Default,16,Default,DotNetTips.Spargine.Extensions.BenchmarkTests,Collections,250,"285,316.835 ns","2,174.4842 ns","1,927.6236 ns",515.1791 ns,"285,377.002 ns","281,100.317 ns","284,756.030 ns","285,978.723 ns","288,414.282 ns","3,504.88","2,174.4842 ns",14.00,2.698,2.000,-0.4039,27,*,No,7.3242,254 B,-,-,"70,513 B"
'Clone: Array-CoordinateProper',Job-WORVYS,False,True,Default,Default,Default,Default,Default,1111,Empty,RyuJit,X64,8c5e7fda-e8bf-4a96-9a85-a6e23a8c635c,.NET 6.0,False,True,False,True,Default,Default,False,False,True,Default,Default,Default,Default,Default,.NET 6.0,Default,1,Default,Default,Default,Default,Default,Default,Default,Default,Default,16,Default,DotNetTips.Spargine.Extensions.BenchmarkTests,Collections,500,"571,008.949 ns","5,675.5129 ns","5,308.8783 ns","1,370.7465 ns","571,310.010 ns","561,847.998 ns","567,562.988 ns","573,517.480 ns","582,326.221 ns","1,751.29","5,675.5129 ns",15.00,2.618,2.000,0.1976,31,*,No,13.6719,254 B,-,-,"138,641 B"
'Clone: Array-CoordinateProper',Job-WORVYS,False,True,Default,Default,Default,Default,Default,1111,Empty,RyuJit,X64,8c5e7fda-e8bf-4a96-9a85-a6e23a8c635c,.NET 6.0,False,True,False,True,Default,Default,False,False,True,Default,Default,Default,Default,Default,.NET 6.0,Default,1,Default,Default,Default,Default,Default,Default,Default,Default,Default,16,Default,DotNetTips.Spargine.Extensions.BenchmarkTests,Collections,1000,"1,142,167.721 ns","15,459.3330 ns","14,460.6697 ns","3,733.7289 ns","1,150,101.367 ns","1,110,519.727 ns","1,133,375.391 ns","1,152,663.574 ns","1,155,452.344 ns",875.53,"15,459.3330 ns",15.00,2.226,2.000,-0.8788,36,*,No,29.2969,254 B,1.9531,-,"275,042 B"
'Clone: Array-CoordinateProper',Job-WORVYS,False,True,Default,Default,Default,Default,Default,1111,Empty,RyuJit,X64,8c5e7fda-e8bf-4a96-9a85-a6e23a8c635c,.NET 6.0,False,True,False,True,Default,Default,False,False,True,Default,Default,Default,Default,Default,.NET 6.0,Default,1,Default,Default,Default,Default,Default,Default,Default,Default,Default,16,Default,DotNetTips.Spargine.Extensions.BenchmarkTests,Collections,2500,"3,223,018.256 ns","64,200.1566 ns","169,128.8914 ns","18,792.0990 ns","3,191,764.648 ns","2,929,104.492 ns","3,088,730.664 ns","3,350,209.570 ns","3,654,500.977 ns",310.27,"64,200.1566 ns",81.00,2.429,3.143,0.4395,43,*,No,70.3125,254 B,31.2500,23.4375,"733,464 B"
'Clone: Array-PersonProper',Job-WORVYS,False,True,Default,Default,Default,Default,Default,1111,Empty,RyuJit,X64,8c5e7fda-e8bf-4a96-9a85-a6e23a8c635c,.NET 6.0,False,True,False,True,Default,Default,False,False,True,Default,Default,Default,Default,Default,.NET 6.0,Default,1,Default,Default,Default,Default,Default,Default,Default,Default,Default,16,Default,DotNetTips.Spargine.Extensions.BenchmarkTests,Collections,10,"41,834.858 ns",469.1005 ns,438.7969 ns,113.2969 ns,"41,840.631 ns","41,205.017 ns","41,461.298 ns","42,189.813 ns","42,625.122 ns","23,903.51",469.1005 ns,15.00,1.676,2.000,0.0708,15,*,No,2.3193,236 B,-,-,"19,832 B"
'Clone: Array-PersonProper',Job-WORVYS,False,True,Default,Default,Default,Default,Default,1111,Empty,RyuJit,X64,8c5e7fda-e8bf-4a96-9a85-a6e23a8c635c,.NET 6.0,False,True,False,True,Default,Default,False,False,True,Default,Default,Default,Default,Default,.NET 6.0,Default,1,Default,Default,Default,Default,Default,Default,Default,Default,Default,16,Default,DotNetTips.Spargine.Extensions.BenchmarkTests,Collections,25,"113,084.473 ns","1,218.0361 ns","1,139.3517 ns",294.1793 ns,"113,218.964 ns","110,689.203 ns","112,464.288 ns","113,678.070 ns","115,136.053 ns","8,842.95","1,218.0361 ns",15.00,2.568,2.000,-0.0868,20,*,No,5.3711,236 B,0.3662,-,"48,328 B"
'Clone: Array-PersonProper',Job-WORVYS,False,True,Default,Default,Default,Default,Default,1111,Empty,RyuJit,X64,8c5e7fda-e8bf-4a96-9a85-a6e23a8c635c,.NET 6.0,False,True,False,True,Default,Default,False,False,True,Default,Default,Default,Default,Default,.NET 6.0,Default,1,Default,Default,Default,Default,Default,Default,Default,Default,Default,16,Default,DotNetTips.Spargine.Extensions.BenchmarkTests,Collections,50,"224,962.108 ns","1,530.2162 ns","1,356.4968 ns",362.5390 ns,"225,155.945 ns","222,725.000 ns","223,974.426 ns","225,672.540 ns","227,020.410 ns","4,445.19","1,530.2162 ns",14.00,1.849,2.000,-0.2561,25,*,No,10.4980,236 B,2.1973,-,"95,016 B"
'Clone: Array-PersonProper',Job-WORVYS,False,True,Default,Default,Default,Default,Default,1111,Empty,RyuJit,X64,8c5e7fda-e8bf-4a96-9a85-a6e23a8c635c,.NET 6.0,False,True,False,True,Default,Default,False,False,True,Default,Default,Default,Default,Default,.NET 6.0,Default,1,Default,Default,Default,Default,Default,Default,Default,Default,Default,16,Default,DotNetTips.Spargine.Extensions.BenchmarkTests,Collections,100,"624,504.899 ns","24,853.6975 ns","72,891.5924 ns","7,325.8807 ns","612,676.465 ns","494,094.336 ns","571,060.840 ns","675,927.393 ns","802,823.242 ns","1,601.27","24,853.6975 ns",99.00,2.516,2.960,0.3355,32,*,No,19.5313,236 B,17.5781,10.7422,"189,079 B"
'Clone: Array-PersonProper',Job-WORVYS,False,True,Default,Default,Default,Default,Default,1111,Empty,RyuJit,X64,8c5e7fda-e8bf-4a96-9a85-a6e23a8c635c,.NET 6.0,False,True,False,True,Default,Default,False,False,True,Default,Default,Default,Default,Default,.NET 6.0,Default,1,Default,Default,Default,Default,Default,Default,Default,Default,Default,16,Default,DotNetTips.Spargine.Extensions.BenchmarkTests,Collections,250,"1,582,318.931 ns","44,843.9167 ns","127,942.2177 ns","13,196.2322 ns","1,576,711.719 ns","1,297,933.789 ns","1,492,187.793 ns","1,675,759.033 ns","1,863,311.914 ns",631.98,"44,843.9167 ns",94.00,2.425,2.759,0.1534,40,*,No,39.0625,236 B,33.2031,25.3906,"469,992 B"
'Clone: Array-PersonProper',Job-WORVYS,False,True,Default,Default,Default,Default,Default,1111,Empty,RyuJit,X64,8c5e7fda-e8bf-4a96-9a85-a6e23a8c635c,.NET 6.0,False,True,False,True,Default,Default,False,False,True,Default,Default,Default,Default,Default,.NET 6.0,Default,1,Default,Default,Default,Default,Default,Default,Default,Default,Default,16,Default,DotNetTips.Spargine.Extensions.BenchmarkTests,Collections,500,"2,514,289.557 ns","43,599.9680 ns","40,783.4371 ns","10,530.2382 ns","2,503,147.266 ns","2,456,770.312 ns","2,490,040.039 ns","2,530,591.406 ns","2,603,696.484 ns",397.73,"43,599.9680 ns",15.00,2.696,2.000,0.8444,41,*,No,58.5938,236 B,50.7813,46.8750,"940,750 B"
'Clone: Array-PersonProper',Job-WORVYS,False,True,Default,Default,Default,Default,Default,1111,Empty,RyuJit,X64,8c5e7fda-e8bf-4a96-9a85-a6e23a8c635c,.NET 6.0,False,True,False,True,Default,Default,False,False,True,Default,Default,Default,Default,Default,.NET 6.0,Default,1,Default,Default,Default,Default,Default,Default,Default,Default,Default,16,Default,DotNetTips.Spargine.Extensions.BenchmarkTests,Collections,1000,"5,229,629.023 ns","95,398.0372 ns","109,860.5215 ns","24,565.5594 ns","5,199,949.609 ns","5,033,155.469 ns","5,161,325.195 ns","5,286,675.781 ns","5,439,773.438 ns",191.22,"95,398.0372 ns",20.00,2.192,2.000,0.4827,45,*,No,156.2500,236 B,156.2500,132.8125,"2,361,362 B"
'Clone: Array-PersonProper',Job-WORVYS,False,True,Default,Default,Default,Default,Default,1111,Empty,RyuJit,X64,8c5e7fda-e8bf-4a96-9a85-a6e23a8c635c,.NET 6.0,False,True,False,True,Default,Default,False,False,True,Default,Default,Default,Default,Default,.NET 6.0,Default,1,Default,Default,Default,Default,Default,Default,Default,Default,Default,16,Default,DotNetTips.Spargine.Extensions.BenchmarkTests,Collections,2500,"12,885,431.130 ns","148,315.8085 ns","123,850.4173 ns","34,349.9254 ns","12,864,748.438 ns","12,680,765.625 ns","12,819,587.500 ns","12,929,362.500 ns","13,119,556.250 ns",77.61,"148,315.8085 ns",13.00,2.230,2.000,0.3720,51,*,No,187.5000,236 B,187.5000,187.5000,"5,922,386 B"
'Clone: Array-PersonRecord',Job-WORVYS,False,True,Default,Default,Default,Default,Default,1111,Empty,RyuJit,X64,8c5e7fda-e8bf-4a96-9a85-a6e23a8c635c,.NET 6.0,False,True,False,True,Default,Default,False,False,True,Default,Default,Default,Default,Default,.NET 6.0,Default,1,Default,Default,Default,Default,Default,Default,Default,Default,Default,16,Default,DotNetTips.Spargine.Extensions.BenchmarkTests,Collections,10,"117,374.292 ns",971.2661 ns,908.5229 ns,234.5796 ns,"117,510.913 ns","115,719.434 ns","116,766.803 ns","118,011.902 ns","118,558.313 ns","8,519.75",971.2661 ns,15.00,1.850,2.000,-0.3559,22,*,No,4.5166,236 B,-,-,"41,200 B"
'Clone: Array-PersonRecord',Job-WORVYS,False,True,Default,Default,Default,Default,Default,1111,Empty,RyuJit,X64,8c5e7fda-e8bf-4a96-9a85-a6e23a8c635c,.NET 6.0,False,True,False,True,Default,Default,False,False,True,Default,Default,Default,Default,Default,.NET 6.0,Default,1,Default,Default,Default,Default,Default,Default,Default,Default,Default,16,Default,DotNetTips.Spargine.Extensions.BenchmarkTests,Collections,25,"301,122.645 ns","3,220.5683 ns","3,012.5216 ns",777.8297 ns,"300,136.646 ns","296,275.659 ns","299,141.724 ns","303,408.667 ns","306,102.710 ns","3,320.91","3,220.5683 ns",15.00,1.649,2.000,0.1835,28,*,No,11.2305,236 B,1.9531,-,"100,937 B"
'Clone: Array-PersonRecord',Job-WORVYS,False,True,Default,Default,Default,Default,Default,1111,Empty,RyuJit,X64,8c5e7fda-e8bf-4a96-9a85-a6e23a8c635c,.NET 6.0,False,True,False,True,Default,Default,False,False,True,Default,Default,Default,Default,Default,.NET 6.0,Default,1,Default,Default,Default,Default,Default,Default,Default,Default,Default,16,Default,DotNetTips.Spargine.Extensions.BenchmarkTests,Collections,50,"782,373.953 ns","26,376.2787 ns","77,357.0596 ns","7,774.6770 ns","768,538.184 ns","632,894.043 ns","721,131.836 ns","846,682.617 ns","967,087.402 ns","1,278.16","26,376.2787 ns",99.00,2.293,3.481,0.4123,34,*,No,19.5313,236 B,15.6250,9.7656,"200,509 B"
'Clone: Array-PersonRecord',Job-WORVYS,False,True,Default,Default,Default,Default,Default,1111,Empty,RyuJit,X64,8c5e7fda-e8bf-4a96-9a85-a6e23a8c635c,.NET 6.0,False,True,False,True,Default,Default,False,False,True,Default,Default,Default,Default,Default,.NET 6.0,Default,1,Default,Default,Default,Default,Default,Default,Default,Default,Default,16,Default,DotNetTips.Spargine.Extensions.BenchmarkTests,Collections,100,"1,305,324.887 ns","25,981.1966 ns","35,563.3552 ns","6,974.5478 ns","1,285,309.082 ns","1,269,633.594 ns","1,278,154.492 ns","1,334,849.121 ns","1,383,671.875 ns",766.09,"25,981.1966 ns",26.00,2.245,2.000,0.8427,37,*,No,41.0156,236 B,33.2031,17.5781,"400,584 B"
'Clone: Array-PersonRecord',Job-WORVYS,False,True,Default,Default,Default,Default,Default,1111,Empty,RyuJit,X64,8c5e7fda-e8bf-4a96-9a85-a6e23a8c635c,.NET 6.0,False,True,False,True,Default,Default,False,False,True,Default,Default,Default,Default,Default,.NET 6.0,Default,1,Default,Default,Default,Default,Default,Default,Default,Default,Default,16,Default,DotNetTips.Spargine.Extensions.BenchmarkTests,Collections,250,"3,246,365.054 ns","24,202.2730 ns","20,209.9941 ns","5,605.2438 ns","3,248,179.688 ns","3,221,198.047 ns","3,229,392.969 ns","3,258,160.938 ns","3,281,002.344 ns",308.04,"24,202.2730 ns",13.00,1.530,2.000,0.2868,43,*,No,62.5000,236 B,54.6875,42.9688,"998,382 B"
'Clone: Array-PersonRecord',Job-WORVYS,False,True,Default,Default,Default,Default,Default,1111,Empty,RyuJit,X64,8c5e7fda-e8bf-4a96-9a85-a6e23a8c635c,.NET 6.0,False,True,False,True,Default,Default,False,False,True,Default,Default,Default,Default,Default,.NET 6.0,Default,1,Default,Default,Default,Default,Default,Default,Default,Default,Default,16,Default,DotNetTips.Spargine.Extensions.BenchmarkTests,Collections,500,"6,688,502.958 ns","60,737.9655 ns","53,842.6244 ns","14,390.0467 ns","6,686,850.391 ns","6,595,296.875 ns","6,644,119.922 ns","6,731,736.523 ns","6,780,052.344 ns",149.51,"60,737.9655 ns",14.00,1.651,2.000,-0.0278,48,*,No,164.0625,236 B,156.2500,140.6250,"2,450,991 B"
'Clone: Array-PersonRecord',Job-WORVYS,False,True,Default,Default,Default,Default,Default,1111,Empty,RyuJit,X64,8c5e7fda-e8bf-4a96-9a85-a6e23a8c635c,.NET 6.0,False,True,False,True,Default,Default,False,False,True,Default,Default,Default,Default,Default,.NET 6.0,Default,1,Default,Default,Default,Default,Default,Default,Default,Default,Default,16,Default,DotNetTips.Spargine.Extensions.BenchmarkTests,Collections,1000,"13,482,421.205 ns","98,065.9543 ns","86,932.9142 ns","23,233.7986 ns","13,464,037.500 ns","13,371,315.625 ns","13,424,641.016 ns","13,535,369.141 ns","13,697,950.000 ns",74.17,"98,065.9543 ns",14.00,3.199,2.000,0.8440,53,*,No,234.3750,236 B,203.1250,203.1250,"4,900,875 B"
'Clone: Array-PersonRecord',Job-WORVYS,False,True,Default,Default,Default,Default,Default,1111,Empty,RyuJit,X64,8c5e7fda-e8bf-4a96-9a85-a6e23a8c635c,.NET 6.0,False,True,False,True,Default,Default,False,False,True,Default,Default,Default,Default,Default,.NET 6.0,Default,1,Default,Default,Default,Default,Default,Default,Default,Default,Default,16,Default,DotNetTips.Spargine.Extensions.BenchmarkTests,Collections,2500,"33,593,316.296 ns","646,757.1800 ns","692,022.9366 ns","163,111.3704 ns","33,472,050.000 ns","32,566,266.667 ns","33,128,630.000 ns","33,765,928.333 ns","34,824,640.000 ns",29.77,"646,757.1800 ns",18.00,2.006,2.000,0.5814,55,*,No,133.3333,236 B,133.3333,133.3333,"12,299,827 B"
AddFirst,Job-WORVYS,False,True,Default,Default,Default,Default,Default,1111,Empty,RyuJit,X64,8c5e7fda-e8bf-4a96-9a85-a6e23a8c635c,.NET 6.0,False,True,False,True,Default,Default,False,False,True,Default,Default,Default,Default,Default,.NET 6.0,Default,1,Default,Default,Default,Default,Default,Default,Default,Default,Default,16,Default,DotNetTips.Spargine.Extensions.BenchmarkTests,Collections,10,"86,196.441 ns","1,245.5374 ns","1,104.1365 ns",295.0929 ns,"85,975.873 ns","84,320.709 ns","85,381.134 ns","87,009.604 ns","88,262.628 ns","11,601.41","1,245.5374 ns",14.00,1.933,2.000,0.1562,18,*,No,4.6387,834 B,0.1221,-,"40,176 B"
AddFirst,Job-WORVYS,False,True,Default,Default,Default,Default,Default,1111,Empty,RyuJit,X64,8c5e7fda-e8bf-4a96-9a85-a6e23a8c635c,.NET 6.0,False,True,False,True,Default,Default,False,False,True,Default,Default,Default,Default,Default,.NET 6.0,Default,1,Default,Default,Default,Default,Default,Default,Default,Default,Default,16,Default,DotNetTips.Spargine.Extensions.BenchmarkTests,Collections,25,"222,017.380 ns",657.0607 ns,548.6754 ns,152.1752 ns,"221,960.974 ns","221,092.737 ns","221,750.598 ns","222,318.176 ns","223,014.319 ns","4,504.15",657.0607 ns,13.00,2.084,2.000,0.1729,25,*,No,10.7422,834 B,0.7324,-,"96,184 B"
AddFirst,Job-WORVYS,False,True,Default,Default,Default,Default,Default,1111,Empty,RyuJit,X64,8c5e7fda-e8bf-4a96-9a85-a6e23a8c635c,.NET 6.0,False,True,False,True,Default,Default,False,False,True,Default,Default,Default,Default,Default,.NET 6.0,Default,1,Default,Default,Default,Default,Default,Default,Default,Default,Default,16,Default,DotNetTips.Spargine.Extensions.BenchmarkTests,Collections,50,"464,727.396 ns","4,141.5966 ns","3,458.4207 ns",959.1933 ns,"465,082.910 ns","460,132.373 ns","461,373.047 ns","468,261.084 ns","469,259.326 ns","2,151.80","4,141.5966 ns",13.00,1.152,2.000,0.0040,30,*,No,21.9727,834 B,4.8828,-,"191,424 B"
AddFirst,Job-WORVYS,False,True,Default,Default,Default,Default,Default,1111,Empty,RyuJit,X64,8c5e7fda-e8bf-4a96-9a85-a6e23a8c635c,.NET 6.0,False,True,False,True,Default,Default,False,False,True,Default,Default,Default,Default,Default,.NET 6.0,Default,1,Default,Default,Default,Default,Default,Default,Default,Default,Default,16,Default,DotNetTips.Spargine.Extensions.BenchmarkTests,Collections,100,"1,170,829.229 ns","43,044.6447 ns","126,242.4917 ns","12,687.8478 ns","1,153,625.879 ns","973,276.855 ns","1,063,853.125 ns","1,248,016.699 ns","1,499,239.355 ns",854.10,"43,044.6447 ns",99.00,2.468,3.923,0.5344,36,*,No,35.1563,834 B,33.2031,21.4844,"379,905 B"
AddFirst,Job-WORVYS,False,True,Default,Default,Default,Default,Default,1111,Empty,RyuJit,X64,8c5e7fda-e8bf-4a96-9a85-a6e23a8c635c,.NET 6.0,False,True,False,True,Default,Default,False,False,True,Default,Default,Default,Default,Default,.NET 6.0,Default,1,Default,Default,Default,Default,Default,Default,Default,Default,Default,16,Default,DotNetTips.Spargine.Extensions.BenchmarkTests,Collections,250,"3,264,658.387 ns","105,901.9691 ns","312,254.3454 ns","31,225.4345 ns","3,277,204.492 ns","2,652,364.258 ns","3,021,677.734 ns","3,447,114.648 ns","4,076,058.008 ns",306.31,"105,901.9691 ns",100.00,2.711,2.643,0.1841,43,*,No,101.5625,834 B,54.6875,50.7813,"941,926 B"
AddFirst,Job-WORVYS,False,True,Default,Default,Default,Default,Default,1111,Empty,RyuJit,X64,8c5e7fda-e8bf-4a96-9a85-a6e23a8c635c,.NET 6.0,False,True,False,True,Default,Default,False,False,True,Default,Default,Default,Default,Default,.NET 6.0,Default,1,Default,Default,Default,Default,Default,Default,Default,Default,Default,16,Default,DotNetTips.Spargine.Extensions.BenchmarkTests,Collections,500,"4,990,947.656 ns","71,063.6712 ns","66,473.0021 ns","17,163.2554 ns","4,974,934.375 ns","4,893,146.875 ns","4,947,019.141 ns","5,037,808.984 ns","5,147,599.219 ns",200.36,"71,063.6712 ns",15.00,2.787,2.000,0.5521,44,*,No,117.1875,834 B,117.1875,93.7500,"1,881,592 B"
AddFirst,Job-WORVYS,False,True,Default,Default,Default,Default,Default,1111,Empty,RyuJit,X64,8c5e7fda-e8bf-4a96-9a85-a6e23a8c635c,.NET 6.0,False,True,False,True,Default,Default,False,False,True,Default,Default,Default,Default,Default,.NET 6.0,Default,1,Default,Default,Default,Default,Default,Default,Default,Default,Default,16,Default,DotNetTips.Spargine.Extensions.BenchmarkTests,Collections,1000,"10,372,669.922 ns","207,307.1943 ns","269,557.9095 ns","55,023.2779 ns","10,365,815.625 ns","9,960,243.750 ns","10,149,173.828 ns","10,584,114.844 ns","11,002,159.375 ns",96.41,"207,307.1943 ns",24.00,2.348,2.000,0.3551,50,*,No,312.5000,834 B,312.5000,265.6250,"4,730,524 B"
AddFirst,Job-WORVYS,False,True,Default,Default,Default,Default,Default,1111,Empty,RyuJit,X64,8c5e7fda-e8bf-4a96-9a85-a6e23a8c635c,.NET 6.0,False,True,False,True,Default,Default,False,False,True,Default,Default,Default,Default,Default,.NET 6.0,Default,1,Default,Default,Default,Default,Default,Default,Default,Default,Default,16,Default,DotNetTips.Spargine.Extensions.BenchmarkTests,Collections,2500,"25,647,765.885 ns","261,362.0664 ns","204,054.3097 ns","58,905.4053 ns","25,693,496.875 ns","25,133,053.125 ns","25,583,791.406 ns","25,706,257.031 ns","25,961,912.500 ns",38.99,"261,362.0664 ns",12.00,3.975,2.000,-0.9631,54,*,No,406.2500,834 B,375.0000,375.0000,"11,867,508 B"
AddLast,Job-WORVYS,False,True,Default,Default,Default,Default,Default,1111,Empty,RyuJit,X64,8c5e7fda-e8bf-4a96-9a85-a6e23a8c635c,.NET 6.0,False,True,False,True,Default,Default,False,False,True,Default,Default,Default,Default,Default,.NET 6.0,Default,1,Default,Default,Default,Default,Default,Default,Default,Default,Default,16,Default,DotNetTips.Spargine.Extensions.BenchmarkTests,Collections,10,"20,771.436 ns",146.7196 ns,130.0631 ns,34.7608 ns,"20,750.601 ns","20,584.077 ns","20,688.604 ns","20,884.176 ns","20,986.134 ns","48,143.04",146.7196 ns,14.00,1.512,2.000,0.0511,12,*,No,1.1597,573 B,-,-,"10,544 B"
AddLast,Job-WORVYS,False,True,Default,Default,Default,Default,Default,1111,Empty,RyuJit,X64,8c5e7fda-e8bf-4a96-9a85-a6e23a8c635c,.NET 6.0,False,True,False,True,Default,Default,False,False,True,Default,Default,Default,Default,Default,.NET 6.0,Default,1,Default,Default,Default,Default,Default,Default,Default,Default,Default,16,Default,DotNetTips.Spargine.Extensions.BenchmarkTests,Collections,25,"51,479.436 ns",630.0984 ns,589.3944 ns,152.1810 ns,"51,378.320 ns","50,683.600 ns","50,999.442 ns","51,910.287 ns","52,525.116 ns","19,425.23",630.0984 ns,15.00,1.698,2.000,0.4079,16,*,No,2.6245,573 B,0.0610,-,"23,624 B"
AddLast,Job-WORVYS,False,True,Default,Default,Default,Default,Default,1111,Empty,RyuJit,X64,8c5e7fda-e8bf-4a96-9a85-a6e23a8c635c,.NET 6.0,False,True,False,True,Default,Default,False,False,True,Default,Default,Default,Default,Default,.NET 6.0,Default,1,Default,Default,Default,Default,Default,Default,Default,Default,Default,16,Default,DotNetTips.Spargine.Extensions.BenchmarkTests,Collections,50,"110,957.229 ns",742.1804 ns,694.2360 ns,179.2510 ns,"110,641.803 ns","110,049.030 ns","110,340.466 ns","111,493.774 ns","112,120.258 ns","9,012.48",742.1804 ns,15.00,1.522,2.000,0.3302,19,*,No,5.3711,573 B,0.3662,-,"48,440 B"
AddLast,Job-WORVYS,False,True,Default,Default,Default,Default,Default,1111,Empty,RyuJit,X64,8c5e7fda-e8bf-4a96-9a85-a6e23a8c635c,.NET 6.0,False,True,False,True,Default,Default,False,False,True,Default,Default,Default,Default,Default,.NET 6.0,Default,1,Default,Default,Default,Default,Default,Default,Default,Default,Default,16,Default,DotNetTips.Spargine.Extensions.BenchmarkTests,Collections,100,"229,367.097 ns","2,694.1389 ns","2,520.0992 ns",650.6868 ns,"229,869.910 ns","224,197.620 ns","227,927.722 ns","230,876.831 ns","233,823.547 ns","4,359.82","2,694.1389 ns",15.00,2.325,2.000,-0.3412,26,*,No,10.7422,573 B,2.1973,-,"95,984 B"
AddLast,Job-WORVYS,False,True,Default,Default,Default,Default,Default,1111,Empty,RyuJit,X64,8c5e7fda-e8bf-4a96-9a85-a6e23a8c635c,.NET 6.0,False,True,False,True,Default,Default,False,False,True,Default,Default,Default,Default,Default,.NET 6.0,Default,1,Default,Default,Default,Default,Default,Default,Default,Default,Default,16,Default,DotNetTips.Spargine.Extensions.BenchmarkTests,Collections,250,"743,609.676 ns","26,029.8665 ns","75,517.3627 ns","7,667.6265 ns","728,889.404 ns","620,410.205 ns","685,105.420 ns","793,020.850 ns","911,131.494 ns","1,344.79","26,029.8665 ns",97.00,2.261,2.857,0.3805,33,*,No,23.4375,573 B,18.5547,13.6719,"236,991 B"
AddLast,Job-WORVYS,False,True,Default,Default,Default,Default,Default,1111,Empty,RyuJit,X64,8c5e7fda-e8bf-4a96-9a85-a6e23a8c635c,.NET 6.0,False,True,False,True,Default,Default,False,False,True,Default,Default,Default,Default,Default,.NET 6.0,Default,1,Default,Default,Default,Default,Default,Default,Default,Default,Default,16,Default,DotNetTips.Spargine.Extensions.BenchmarkTests,Collections,500,"1,454,565.996 ns","45,473.4066 ns","133,365.6299 ns","13,403.7501 ns","1,437,086.328 ns","1,214,067.383 ns","1,355,442.871 ns","1,550,669.141 ns","1,836,688.086 ns",687.49,"45,473.4066 ns",99.00,2.774,2.207,0.5265,39,*,No,39.0625,573 B,29.2969,25.3906,"472,563 B"
AddLast,Job-WORVYS,False,True,Default,Default,Default,Default,Default,1111,Empty,RyuJit,X64,8c5e7fda-e8bf-4a96-9a85-a6e23a8c635c,.NET 6.0,False,True,False,True,Default,Default,False,False,True,Default,Default,Default,Default,Default,.NET 6.0,Default,1,Default,Default,Default,Default,Default,Default,Default,Default,Default,16,Default,DotNetTips.Spargine.Extensions.BenchmarkTests,Collections,1000,"3,332,257.195 ns","73,608.6982 ns","217,036.9073 ns","21,703.6907 ns","3,288,639.648 ns","2,779,274.805 ns","3,187,317.285 ns","3,477,502.734 ns","3,876,148.633 ns",300.10,"73,608.6982 ns",100.00,2.727,2.812,0.3413,43,*,No,62.5000,573 B,58.5938,46.8750,"942,083 B"
AddLast,Job-WORVYS,False,True,Default,Default,Default,Default,Default,1111,Empty,RyuJit,X64,8c5e7fda-e8bf-4a96-9a85-a6e23a8c635c,.NET 6.0,False,True,False,True,Default,Default,False,False,True,Default,Default,Default,Default,Default,.NET 6.0,Default,1,Default,Default,Default,Default,Default,Default,Default,Default,Default,16,Default,DotNetTips.Spargine.Extensions.BenchmarkTests,Collections,2500,"7,711,691.098 ns","169,279.4669 ns","496,467.3731 ns","49,896.8484 ns","7,722,910.156 ns","6,352,317.969 ns","7,474,848.047 ns","8,032,791.797 ns","8,663,155.469 ns",129.67,"169,279.4669 ns",99.00,3.712,3.214,-0.7486,49,*,No,132.8125,573 B,117.1875,109.3750,"2,968,206 B"
AreEqual,Job-WORVYS,False,True,Default,Default,Default,Default,Default,1111,Empty,RyuJit,X64,8c5e7fda-e8bf-4a96-9a85-a6e23a8c635c,.NET 6.0,False,True,False,True,Default,Default,False,False,True,Default,Default,Default,Default,Default,.NET 6.0,Default,1,Default,Default,Default,Default,Default,Default,Default,Default,Default,16,Default,DotNetTips.Spargine.Extensions.BenchmarkTests,Collections,10,2.075 ns,0.0651 ns,0.0508 ns,0.0147 ns,2.080 ns,1.969 ns,2.040 ns,2.117 ns,2.127 ns,"481,949,223.52",0.0651 ns,12.00,1.985,2.000,-0.5244,5,*,No,-,260 B,-,-,0 B
AreEqual,Job-WORVYS,False,True,Default,Default,Default,Default,Default,1111,Empty,RyuJit,X64,8c5e7fda-e8bf-4a96-9a85-a6e23a8c635c,.NET 6.0,False,True,False,True,Default,Default,False,False,True,Default,Default,Default,Default,Default,.NET 6.0,Default,1,Default,Default,Default,Default,Default,Default,Default,Default,Default,16,Default,DotNetTips.Spargine.Extensions.BenchmarkTests,Collections,25,2.149 ns,0.0703 ns,0.0753 ns,0.0177 ns,2.190 ns,1.973 ns,2.116 ns,2.195 ns,2.200 ns,"465,385,590.99",0.0703 ns,18.00,2.640,2.308,-1.1530,6,*,No,-,260 B,-,-,0 B
AreEqual,Job-WORVYS,False,True,Default,Default,Default,Default,Default,1111,Empty,RyuJit,X64,8c5e7fda-e8bf-4a96-9a85-a6e23a8c635c,.NET 6.0,False,True,False,True,Default,Default,False,False,True,Default,Default,Default,Default,Default,.NET 6.0,Default,1,Default,Default,Default,Default,Default,Default,Default,Default,Default,16,Default,DotNetTips.Spargine.Extensions.BenchmarkTests,Collections,50,2.099 ns,0.0403 ns,0.0377 ns,0.0097 ns,2.105 ns,2.008 ns,2.077 ns,2.123 ns,2.150 ns,"476,335,813.28",0.0403 ns,15.00,2.943,2.000,-0.6445,5,*,No,-,260 B,-,-,0 B
AreEqual,Job-WORVYS,False,True,Default,Default,Default,Default,Default,1111,Empty,RyuJit,X64,8c5e7fda-e8bf-4a96-9a85-a6e23a8c635c,.NET 6.0,False,True,False,True,Default,Default,False,False,True,Default,Default,Default,Default,Default,.NET 6.0,Default,1,Default,Default,Default,Default,Default,Default,Default,Default,Default,16,Default,DotNetTips.Spargine.Extensions.BenchmarkTests,Collections,100,2.014 ns,0.0387 ns,0.0362 ns,0.0094 ns,2.022 ns,1.959 ns,1.982 ns,2.048 ns,2.055 ns,"496,401,562.80",0.0387 ns,15.00,1.376,2.000,-0.3767,5,*,No,-,260 B,-,-,0 B
AreEqual,Job-WORVYS,False,True,Default,Default,Default,Default,Default,1111,Empty,RyuJit,X64,8c5e7fda-e8bf-4a96-9a85-a6e23a8c635c,.NET 6.0,False,True,False,True,Default,Default,False,False,True,Default,Default,Default,Default,Default,.NET 6.0,Default,1,Default,Default,Default,Default,Default,Default,Default,Default,Default,16,Default,DotNetTips.Spargine.Extensions.BenchmarkTests,Collections,250,2.054 ns,0.0333 ns,0.0312 ns,0.0080 ns,2.039 ns,2.015 ns,2.027 ns,2.082 ns,2.110 ns,"486,809,682.52",0.0333 ns,15.00,1.405,2.000,0.3036,5,*,No,-,260 B,-,-,0 B
AreEqual,Job-WORVYS,False,True,Default,Default,Default,Default,Default,1111,Empty,RyuJit,X64,8c5e7fda-e8bf-4a96-9a85-a6e23a8c635c,.NET 6.0,False,True,False,True,Default,Default,False,False,True,Default,Default,Default,Default,Default,.NET 6.0,Default,1,Default,Default,Default,Default,Default,Default,Default,Default,Default,16,Default,DotNetTips.Spargine.Extensions.BenchmarkTests,Collections,500,2.051 ns,0.0427 ns,0.0419 ns,0.0105 ns,2.037 ns,2.001 ns,2.026 ns,2.078 ns,2.166 ns,"487,548,993.20",0.0427 ns,16.00,3.932,2.000,1.0818,5,*,No,-,260 B,-,-,0 B
AreEqual,Job-WORVYS,False,True,Default,Default,Default,Default,Default,1111,Empty,RyuJit,X64,8c5e7fda-e8bf-4a96-9a85-a6e23a8c635c,.NET 6.0,False,True,False,True,Default,Default,False,False,True,Default,Default,Default,Default,Default,.NET 6.0,Default,1,Default,Default,Default,Default,Default,Default,Default,Default,Default,16,Default,DotNetTips.Spargine.Extensions.BenchmarkTests,Collections,1000,2.068 ns,0.0453 ns,0.0424 ns,0.0110 ns,2.063 ns,2.018 ns,2.031 ns,2.098 ns,2.152 ns,"483,494,736.93",0.0453 ns,15.00,1.800,2.000,0.4197,5,*,No,-,260 B,-,-,0 B
AreEqual,Job-WORVYS,False,True,Default,Default,Default,Default,Default,1111,Empty,RyuJit,X64,8c5e7fda-e8bf-4a96-9a85-a6e23a8c635c,.NET 6.0,False,True,False,True,Default,Default,False,False,True,Default,Default,Default,Default,Default,.NET 6.0,Default,1,Default,Default,Default,Default,Default,Default,Default,Default,Default,16,Default,DotNetTips.Spargine.Extensions.BenchmarkTests,Collections,2500,1.994 ns,0.0346 ns,0.0324 ns,0.0084 ns,2.009 ns,1.938 ns,1.968 ns,2.019 ns,2.039 ns,"501,569,500.89",0.0346 ns,15.00,1.453,2.000,-0.2018,5,*,No,-,260 B,-,-,0 B
BytesToString,Job-WORVYS,False,True,Default,Default,Default,Default,Default,1111,Empty,RyuJit,X64,8c5e7fda-e8bf-4a96-9a85-a6e23a8c635c,.NET 6.0,False,True,False,True,Default,Default,False,False,True,Default,Default,Default,Default,Default,.NET 6.0,Default,1,Default,Default,Default,Default,Default,Default,Default,Default,Default,16,Default,DotNetTips.Spargine.Extensions.BenchmarkTests,"Strings,Collections",10,"29,495.779 ns",243.0336 ns,298.4671 ns,63.6334 ns,"29,433.774 ns","29,110.924 ns","29,295.023 ns","29,634.335 ns","30,461.934 ns","33,903.16",243.0336 ns,22.00,5.460,2.000,1.4264,14,*,No,4.9133,734 B,-,-,"43,320 B"
BytesToString,Job-WORVYS,False,True,Default,Default,Default,Default,Default,1111,Empty,RyuJit,X64,8c5e7fda-e8bf-4a96-9a85-a6e23a8c635c,.NET 6.0,False,True,False,True,Default,Default,False,False,True,Default,Default,Default,Default,Default,.NET 6.0,Default,1,Default,Default,Default,Default,Default,Default,Default,Default,Default,16,Default,DotNetTips.Spargine.Extensions.BenchmarkTests,"Strings,Collections",25,"31,047.586 ns",423.2503 ns,395.9086 ns,102.2232 ns,"31,053.140 ns","30,122.342 ns","30,837.204 ns","31,335.083 ns","31,759.641 ns","32,208.62",423.2503 ns,15.00,2.960,2.000,-0.4607,14,*,No,4.8828,734 B,-,-,"43,320 B"
BytesToString,Job-WORVYS,False,True,Default,Default,Default,Default,Default,1111,Empty,RyuJit,X64,8c5e7fda-e8bf-4a96-9a85-a6e23a8c635c,.NET 6.0,False,True,False,True,Default,Default,False,False,True,Default,Default,Default,Default,Default,.NET 6.0,Default,1,Default,Default,Default,Default,Default,Default,Default,Default,Default,16,Default,DotNetTips.Spargine.Extensions.BenchmarkTests,"Strings,Collections",50,"30,797.308 ns",589.8236 ns,551.7214 ns,142.4538 ns,"30,822.531 ns","30,009.286 ns","30,322.855 ns","31,132.300 ns","31,775.882 ns","32,470.37",589.8236 ns,15.00,1.612,2.000,0.1000,14,*,No,4.8828,734 B,-,-,"43,320 B"
BytesToString,Job-WORVYS,False,True,Default,Default,Default,Default,Default,1111,Empty,RyuJit,X64,8c5e7fda-e8bf-4a96-9a85-a6e23a8c635c,.NET 6.0,False,True,False,True,Default,Default,False,False,True,Default,Default,Default,Default,Default,.NET 6.0,Default,1,Default,Default,Default,Default,Default,Default,Default,Default,Default,16,Default,DotNetTips.Spargine.Extensions.BenchmarkTests,"Strings,Collections",100,"30,161.213 ns",420.6232 ns,372.8715 ns,99.6541 ns,"30,218.417 ns","29,668.279 ns","29,785.318 ns","30,507.381 ns","30,653.984 ns","33,155.17",420.6232 ns,14.00,1.172,2.000,-0.0386,14,*,No,4.9133,734 B,0.0305,-,"43,320 B"
BytesToString,Job-WORVYS,False,True,Default,Default,Default,Default,Default,1111,Empty,RyuJit,X64,8c5e7fda-e8bf-4a96-9a85-a6e23a8c635c,.NET 6.0,False,True,False,True,Default,Default,False,False,True,Default,Default,Default,Default,Default,.NET 6.0,Default,1,Default,Default,Default,Default,Default,Default,Default,Default,Default,16,Default,DotNetTips.Spargine.Extensions.BenchmarkTests,"Strings,Collections",250,"29,324.152 ns",246.1949 ns,230.2909 ns,59.4609 ns,"29,315.279 ns","28,950.856 ns","29,167.476 ns","29,458.871 ns","29,789.159 ns","34,101.58",246.1949 ns,15.00,2.145,2.000,0.3143,14,*,No,4.9133,734 B,-,-,"43,320 B"
BytesToString,Job-WORVYS,False,True,Default,Default,Default,Default,Default,1111,Empty,RyuJit,X64,8c5e7fda-e8bf-4a96-9a85-a6e23a8c635c,.NET 6.0,False,True,False,True,Default,Default,False,False,True,Default,Default,Default,Default,Default,.NET 6.0,Default,1,Default,Default,Default,Default,Default,Default,Default,Default,Default,16,Default,DotNetTips.Spargine.Extensions.BenchmarkTests,"Strings,Collections",500,"30,051.955 ns",596.3351 ns,638.0719 ns,150.3950 ns,"30,030.499 ns","28,729.105 ns","29,562.612 ns","30,509.941 ns","30,974.957 ns","33,275.70",596.3351 ns,18.00,1.971,2.000,-0.2829,14,*,No,4.9133,734 B,0.0610,-,"43,320 B"
BytesToString,Job-WORVYS,False,True,Default,Default,Default,Default,Default,1111,Empty,RyuJit,X64,8c5e7fda-e8bf-4a96-9a85-a6e23a8c635c,.NET 6.0,False,True,False,True,Default,Default,False,False,True,Default,Default,Default,Default,Default,.NET 6.0,Default,1,Default,Default,Default,Default,Default,Default,Default,Default,Default,16,Default,DotNetTips.Spargine.Extensions.BenchmarkTests,"Strings,Collections",1000,"29,448.501 ns",105.5670 ns,82.4198 ns,23.7925 ns,"29,448.773 ns","29,309.607 ns","29,386.909 ns","29,501.883 ns","29,580.643 ns","33,957.59",105.5670 ns,12.00,1.622,2.000,0.0008,14,*,No,4.9133,734 B,0.0305,-,"43,320 B"
BytesToString,Job-WORVYS,False,True,Default,Default,Default,Default,Default,1111,Empty,RyuJit,X64,8c5e7fda-e8bf-4a96-9a85-a6e23a8c635c,.NET 6.0,False,True,False,True,Default,Default,False,False,True,Default,Default,Default,Default,Default,.NET 6.0,Default,1,Default,Default,Default,Default,Default,Default,Default,Default,Default,16,Default,DotNetTips.Spargine.Extensions.BenchmarkTests,"Strings,Collections",2500,"29,380.326 ns",557.5115 ns,684.6741 ns,145.9730 ns,"29,193.269 ns","28,397.385 ns","28,798.314 ns","30,018.041 ns","30,542.282 ns","34,036.38",557.5115 ns,22.00,1.488,3.077,0.3081,14,*,No,4.3640,734 B,-,-,"43,320 B"
ContainsAny,Job-WORVYS,False,True,Default,Default,Default,Default,Default,1111,Empty,RyuJit,X64,8c5e7fda-e8bf-4a96-9a85-a6e23a8c635c,.NET 6.0,False,True,False,True,Default,Default,False,False,True,Default,Default,Default,Default,Default,.NET 6.0,Default,1,Default,Default,Default,Default,Default,Default,Default,Default,Default,16,Default,DotNetTips.Spargine.Extensions.BenchmarkTests,Collections,10,385.481 ns,2.9416 ns,2.7516 ns,0.7105 ns,385.435 ns,380.699 ns,383.842 ns,387.717 ns,389.874 ns,"2,594,158.69",2.9416 ns,15.00,1.775,2.000,0.0105,7,*,No,0.0181,534 B,-,-,168 B
ContainsAny,Job-WORVYS,False,True,Default,Default,Default,Default,Default,1111,Empty,RyuJit,X64,8c5e7fda-e8bf-4a96-9a85-a6e23a8c635c,.NET 6.0,False,True,False,True,Default,Default,False,False,True,Default,Default,Default,Default,Default,.NET 6.0,Default,1,Default,Default,Default,Default,Default,Default,Default,Default,Default,16,Default,DotNetTips.Spargine.Extensions.BenchmarkTests,Collections,25,"1,173.787 ns",7.5670 ns,6.7080 ns,1.7928 ns,"1,173.601 ns","1,159.127 ns","1,169.627 ns","1,176.746 ns","1,185.902 ns","851,943.37",7.5670 ns,14.00,2.871,2.000,-0.1355,8,*,No,0.0172,534 B,-,-,168 B
ContainsAny,Job-WORVYS,False,True,Default,Default,Default,Default,Default,1111,Empty,RyuJit,X64,8c5e7fda-e8bf-4a96-9a85-a6e23a8c635c,.NET 6.0,False,True,False,True,Default,Default,False,False,True,Default,Default,Default,Default,Default,.NET 6.0,Default,1,Default,Default,Default,Default,Default,Default,Default,Default,Default,16,Default,DotNetTips.Spargine.Extensions.BenchmarkTests,Collections,50,"3,184.182 ns",46.5921 ns,38.9065 ns,10.7907 ns,"3,189.754 ns","3,129.089 ns","3,153.045 ns","3,212.876 ns","3,240.639 ns","314,052.43",46.5921 ns,13.00,1.334,2.000,-0.0010,9,*,No,0.0153,534 B,-,-,168 B
ContainsAny,Job-WORVYS,False,True,Default,Default,Default,Default,Default,1111,Empty,RyuJit,X64,8c5e7fda-e8bf-4a96-9a85-a6e23a8c635c,.NET 6.0,False,True,False,True,Default,Default,False,False,True,Default,Default,Default,Default,Default,.NET 6.0,Default,1,Default,Default,Default,Default,Default,Default,Default,Default,Default,16,Default,DotNetTips.Spargine.Extensions.BenchmarkTests,Collections,100,"10,975.115 ns",159.5002 ns,149.1965 ns,38.5224 ns,"11,006.001 ns","10,757.533 ns","10,825.459 ns","11,117.432 ns","11,144.070 ns","91,115.22",159.5002 ns,15.00,1.169,2.000,-0.1587,10,*,No,0.0153,534 B,-,-,168 B
ContainsAny,Job-WORVYS,False,True,Default,Default,Default,Default,Default,1111,Empty,RyuJit,X64,8c5e7fda-e8bf-4a96-9a85-a6e23a8c635c,.NET 6.0,False,True,False,True,Default,Default,False,False,True,Default,Default,Default,Default,Default,.NET 6.0,Default,1,Default,Default,Default,Default,Default,Default,Default,Default,Default,16,Default,DotNetTips.Spargine.Extensions.BenchmarkTests,Collections,250,"57,780.394 ns",434.0132 ns,405.9762 ns,104.8226 ns,"57,869.223 ns","56,797.684 ns","57,687.726 ns","58,036.618 ns","58,386.868 ns","17,306.91",434.0132 ns,15.00,3.084,2.000,-0.9174,17,*,No,-,534 B,-,-,168 B
ContainsAny,Job-WORVYS,False,True,Default,Default,Default,Default,Default,1111,Empty,RyuJit,X64,8c5e7fda-e8bf-4a96-9a85-a6e23a8c635c,.NET 6.0,False,True,False,True,Default,Default,False,False,True,Default,Default,Default,Default,Default,.NET 6.0,Default,1,Default,Default,Default,Default,Default,Default,Default,Default,Default,16,Default,DotNetTips.Spargine.Extensions.BenchmarkTests,Collections,500,"223,611.770 ns","1,745.9553 ns","1,633.1677 ns",421.6821 ns,"224,247.522 ns","219,557.581 ns","223,634.082 ns","224,420.056 ns","225,260.242 ns","4,472.04","1,745.9553 ns",15.00,3.502,2.000,-1.3144,25,*,No,-,534 B,-,-,168 B
ContainsAny,Job-WORVYS,False,True,Default,Default,Default,Default,Default,1111,Empty,RyuJit,X64,8c5e7fda-e8bf-4a96-9a85-a6e23a8c635c,.NET 6.0,False,True,False,True,Default,Default,False,False,True,Default,Default,Default,Default,Default,.NET 6.0,Default,1,Default,Default,Default,Default,Default,Default,Default,Default,Default,16,Default,DotNetTips.Spargine.Extensions.BenchmarkTests,Collections,1000,"919,514.479 ns","10,274.5454 ns","9,610.8162 ns","2,481.5021 ns","916,440.332 ns","907,687.500 ns","911,661.426 ns","927,238.037 ns","937,412.109 ns","1,087.53","10,274.5454 ns",15.00,1.570,2.000,0.4115,35,*,No,-,534 B,-,-,169 B
ContainsAny,Job-WORVYS,False,True,Default,Default,Default,Default,Default,1111,Empty,RyuJit,X64,8c5e7fda-e8bf-4a96-9a85-a6e23a8c635c,.NET 6.0,False,True,False,True,Default,Default,False,False,True,Default,Default,Default,Default,Default,.NET 6.0,Default,1,Default,Default,Default,Default,Default,Default,Default,Default,Default,16,Default,DotNetTips.Spargine.Extensions.BenchmarkTests,Collections,2500,"5,951,086.797 ns","71,084.5000 ns","66,492.4854 ns","17,168.2859 ns","5,984,910.547 ns","5,841,794.922 ns","5,884,874.609 ns","6,005,498.828 ns","6,025,059.766 ns",168.04,"71,084.5000 ns",15.00,1.313,2.000,-0.3845,47,*,No,-,534 B,-,-,172 B
GetHashCode,Job-WORVYS,False,True,Default,Default,Default,Default,Default,1111,Empty,RyuJit,X64,8c5e7fda-e8bf-4a96-9a85-a6e23a8c635c,.NET 6.0,False,True,False,True,Default,Default,False,False,True,Default,Default,Default,Default,Default,.NET 6.0,Default,1,Default,Default,Default,Default,Default,Default,Default,Default,Default,16,Default,DotNetTips.Spargine.Extensions.BenchmarkTests,Collections,10,1.203 ns,0.0230 ns,0.0215 ns,0.0055 ns,1.208 ns,1.164 ns,1.193 ns,1.221 ns,1.227 ns,"830,983,286.19",0.0230 ns,15.00,1.853,2.000,-0.6077,3,*,No,-,35 B,-,-,0 B
GetHashCode,Job-WORVYS,False,True,Default,Default,Default,Default,Default,1111,Empty,RyuJit,X64,8c5e7fda-e8bf-4a96-9a85-a6e23a8c635c,.NET 6.0,False,True,False,True,Default,Default,False,False,True,Default,Default,Default,Default,Default,.NET 6.0,Default,1,Default,Default,Default,Default,Default,Default,Default,Default,Default,16,Default,DotNetTips.Spargine.Extensions.BenchmarkTests,Collections,25,1.103 ns,0.0048 ns,0.0045 ns,0.0012 ns,1.103 ns,1.094 ns,1.100 ns,1.106 ns,1.108 ns,"906,952,794.03",0.0048 ns,15.00,1.978,2.000,-0.4871,1,*,No,-,35 B,-,-,0 B
GetHashCode,Job-WORVYS,False,True,Default,Default,Default,Default,Default,1111,Empty,RyuJit,X64,8c5e7fda-e8bf-4a96-9a85-a6e23a8c635c,.NET 6.0,False,True,False,True,Default,Default,False,False,True,Default,Default,Default,Default,Default,.NET 6.0,Default,1,Default,Default,Default,Default,Default,Default,Default,Default,Default,16,Default,DotNetTips.Spargine.Extensions.BenchmarkTests,Collections,50,1.206 ns,0.0315 ns,0.0294 ns,0.0076 ns,1.219 ns,1.157 ns,1.182 ns,1.228 ns,1.235 ns,"829,412,393.21",0.0315 ns,15.00,1.604,2.600,-0.6240,3,*,No,-,35 B,-,-,0 B
GetHashCode,Job-WORVYS,False,True,Default,Default,Default,Default,Default,1111,Empty,RyuJit,X64,8c5e7fda-e8bf-4a96-9a85-a6e23a8c635c,.NET 6.0,False,True,False,True,Default,Default,False,False,True,Default,Default,Default,Default,Default,.NET 6.0,Default,1,Default,Default,Default,Default,Default,Default,Default,Default,Default,16,Default,DotNetTips.Spargine.Extensions.BenchmarkTests,Collections,100,1.105 ns,0.0314 ns,0.0293 ns,0.0076 ns,1.118 ns,1.058 ns,1.068 ns,1.126 ns,1.137 ns,"905,369,487.78",0.0314 ns,15.00,1.365,3.000,-0.5347,1,*,No,-,35 B,-,-,0 B
GetHashCode,Job-WORVYS,False,True,Default,Default,Default,Default,Default,1111,Empty,RyuJit,X64,8c5e7fda-e8bf-4a96-9a85-a6e23a8c635c,.NET 6.0,False,True,False,True,Default,Default,False,False,True,Default,Default,Default,Default,Default,.NET 6.0,Default,1,Default,Default,Default,Default,Default,Default,Default,Default,Default,16,Default,DotNetTips.Spargine.Extensions.BenchmarkTests,Collections,250,1.110 ns,0.0395 ns,0.0330 ns,0.0091 ns,1.091 ns,1.075 ns,1.090 ns,1.135 ns,1.169 ns,"900,519,569.77",0.0395 ns,13.00,1.514,3.250,0.5480,1,*,No,-,35 B,-,-,0 B
GetHashCode,Job-WORVYS,False,True,Default,Default,Default,Default,Default,1111,Empty,RyuJit,X64,8c5e7fda-e8bf-4a96-9a85-a6e23a8c635c,.NET 6.0,False,True,False,True,Default,Default,False,False,True,Default,Default,Default,Default,Default,.NET 6.0,Default,1,Default,Default,Default,Default,Default,Default,Default,Default,Default,16,Default,DotNetTips.Spargine.Extensions.BenchmarkTests,Collections,500,1.147 ns,0.0239 ns,0.0223 ns,0.0058 ns,1.153 ns,1.105 ns,1.127 ns,1.166 ns,1.176 ns,"871,629,945.72",0.0239 ns,15.00,1.527,2.000,-0.2177,2,*,No,-,35 B,-,-,0 B
GetHashCode,Job-WORVYS,False,True,Default,Default,Default,Default,Default,1111,Empty,RyuJit,X64,8c5e7fda-e8bf-4a96-9a85-a6e23a8c635c,.NET 6.0,False,True,False,True,Default,Default,False,False,True,Default,Default,Default,Default,Default,.NET 6.0,Default,1,Default,Default,Default,Default,Default,Default,Default,Default,Default,16,Default,DotNetTips.Spargine.Extensions.BenchmarkTests,Collections,1000,1.094 ns,0.0323 ns,0.0302 ns,0.0078 ns,1.085 ns,1.059 ns,1.068 ns,1.125 ns,1.136 ns,"914,111,278.37",0.0323 ns,15.00,1.140,3.333,0.2599,1,*,No,-,35 B,-,-,0 B
GetHashCode,Job-WORVYS,False,True,Default,Default,Default,Default,Default,1111,Empty,RyuJit,X64,8c5e7fda-e8bf-4a96-9a85-a6e23a8c635c,.NET 6.0,False,True,False,True,Default,Default,False,False,True,Default,Default,Default,Default,Default,.NET 6.0,Default,1,Default,Default,Default,Default,Default,Default,Default,Default,Default,16,Default,DotNetTips.Spargine.Extensions.BenchmarkTests,Collections,2500,1.295 ns,0.0346 ns,0.0324 ns,0.0084 ns,1.282 ns,1.259 ns,1.270 ns,1.325 ns,1.348 ns,"771,953,173.90",0.0346 ns,15.00,1.278,3.333,0.3491,4,*,No,-,35 B,-,-,0 B
