Method,Job,AnalyzeLaunchVariance,EvaluateOverhead,MaxAbsoluteError,MaxRelativeError,MinInvokeCount,MinIterationTime,OutlierMode,Affinity,EnvironmentVariables,Jit,Platform,PowerPlanMode,Runtime,AllowVeryLargeObjects,Concurrent,CpuGroups,Force,HeapAffinitizeMask,HeapCount,NoAffinitize,RetainVm,Server,Arguments,BuildConfiguration,Clock,EngineFactory,NuGetReferences,Toolchain,IsMutator,InvocationCount,IterationCount,IterationTime,LaunchCount,MaxIterationCount,MaxWarmupIterationCount,MemoryRandomization,MinIterationCount,MinWarmupIterationCount,RunStrategy,UnrollFactor,WarmupCount,Namespace,Categories,Count,Mean,Error,StdDev,StdErr,Min,Q1,Median,Q3,Max,Op/s,CI99.9% Margin,Iterations,Kurtosis,MValue,Skewness,Rank,LogicalGroup,Baseline,Gen 0,Code Size,Gen 1,Gen 2,Allocated
'StringExtensions.ToDelimitedString: 01*',Job-URPYHK,False,True,Default,Default,Default,Default,Default,1111,Empty,RyuJit,X64,8c5e7fda-e8bf-4a96-9a85-a6e23a8c635c,.NET 6.0,False,True,False,True,Default,Default,False,False,True,Default,Default,Default,Default,Default,.NET 6.0,Default,1,Default,Default,Default,Default,Default,Default,Default,Default,Default,16,Default,DotNetTips.Spargine.Core.BenchmarkTests,"Collections,Strings",2,713.8 μs,14.20 μs,37.67 μs,4.16 μs,636.7 μs,689.0 μs,708.8 μs,731.4 μs,802.0 μs,"1,401.0",14.20 μs,82.00,2.815,2.000,0.4729,1,*,No,30.2734,1 KB,18.5547,10.7422,283 KB
'StringExtensions.ToDelimitedString: 01*',Job-URPYHK,False,True,Default,Default,Default,Default,Default,1111,Empty,RyuJit,X64,8c5e7fda-e8bf-4a96-9a85-a6e23a8c635c,.NET 6.0,False,True,False,True,Default,Default,False,False,True,Default,Default,Default,Default,Default,.NET 6.0,Default,1,Default,Default,Default,Default,Default,Default,Default,Default,Default,16,Default,DotNetTips.Spargine.Core.BenchmarkTests,"Collections,Strings",5,727.2 μs,14.52 μs,39.25 μs,4.26 μs,638.2 μs,695.3 μs,727.5 μs,756.2 μs,833.1 μs,"1,375.1",14.52 μs,85.00,2.782,2.727,0.1895,1,*,No,29.2969,1 KB,15.6250,10.7422,283 KB
'StringExtensions.ToDelimitedString: 01*',Job-URPYHK,False,True,Default,Default,Default,Default,Default,1111,Empty,RyuJit,X64,8c5e7fda-e8bf-4a96-9a85-a6e23a8c635c,.NET 6.0,False,True,False,True,Default,Default,False,False,True,Default,Default,Default,Default,Default,.NET 6.0,Default,1,Default,Default,Default,Default,Default,Default,Default,Default,Default,16,Default,DotNetTips.Spargine.Core.BenchmarkTests,"Collections,Strings",10,707.2 μs,14.09 μs,37.38 μs,4.13 μs,571.3 μs,681.6 μs,704.2 μs,729.3 μs,801.9 μs,"1,414.0",14.09 μs,82.00,4.576,2.333,0.1014,1,*,No,32.2266,1 KB,17.5781,10.7422,283 KB
'StringExtensions.ToDelimitedString: 01*',Job-URPYHK,False,True,Default,Default,Default,Default,Default,1111,Empty,RyuJit,X64,8c5e7fda-e8bf-4a96-9a85-a6e23a8c635c,.NET 6.0,False,True,False,True,Default,Default,False,False,True,Default,Default,Default,Default,Default,.NET 6.0,Default,1,Default,Default,Default,Default,Default,Default,Default,Default,Default,16,Default,DotNetTips.Spargine.Core.BenchmarkTests,"Collections,Strings",20,713.0 μs,14.82 μs,41.79 μs,4.36 μs,641.5 μs,686.6 μs,707.4 μs,736.5 μs,833.1 μs,"1,402.5",14.82 μs,92.00,3.436,2.000,0.6639,1,*,No,31.2500,1 KB,16.6016,11.7188,283 KB
'StringExtensions.ToDelimitedString: 01*',Job-URPYHK,False,True,Default,Default,Default,Default,Default,1111,Empty,RyuJit,X64,8c5e7fda-e8bf-4a96-9a85-a6e23a8c635c,.NET 6.0,False,True,False,True,Default,Default,False,False,True,Default,Default,Default,Default,Default,.NET 6.0,Default,1,Default,Default,Default,Default,Default,Default,Default,Default,Default,16,Default,DotNetTips.Spargine.Core.BenchmarkTests,"Collections,Strings",25,695.9 μs,13.76 μs,34.02 μs,4.01 μs,626.1 μs,672.7 μs,688.8 μs,719.1 μs,775.1 μs,"1,436.9",13.76 μs,72.00,2.625,2.923,0.3134,1,*,No,31.2500,1 KB,13.6719,10.7422,283 KB
'StringExtensions.ToDelimitedString: 01*',Job-URPYHK,False,True,Default,Default,Default,Default,Default,1111,Empty,RyuJit,X64,8c5e7fda-e8bf-4a96-9a85-a6e23a8c635c,.NET 6.0,False,True,False,True,Default,Default,False,False,True,Default,Default,Default,Default,Default,.NET 6.0,Default,1,Default,Default,Default,Default,Default,Default,Default,Default,Default,16,Default,DotNetTips.Spargine.Core.BenchmarkTests,"Collections,Strings",50,694.0 μs,18.32 μs,52.86 μs,5.39 μs,570.9 μs,662.9 μs,698.3 μs,727.8 μs,800.9 μs,"1,440.9",18.32 μs,96.00,2.688,2.387,-0.3316,1,*,No,26.3672,1 KB,11.7188,10.7422,283 KB
'StringExtensions.ToDelimitedString: 01*',Job-URPYHK,False,True,Default,Default,Default,Default,Default,1111,Empty,RyuJit,X64,8c5e7fda-e8bf-4a96-9a85-a6e23a8c635c,.NET 6.0,False,True,False,True,Default,Default,False,False,True,Default,Default,Default,Default,Default,.NET 6.0,Default,1,Default,Default,Default,Default,Default,Default,Default,Default,Default,16,Default,DotNetTips.Spargine.Core.BenchmarkTests,"Collections,Strings",75,695.5 μs,16.69 μs,48.69 μs,4.92 μs,569.2 μs,665.5 μs,693.5 μs,719.4 μs,798.3 μs,"1,437.8",16.69 μs,98.00,2.954,2.000,0.0276,1,*,No,30.2734,1 KB,18.5547,10.7422,283 KB
'StringExtensions.ToDelimitedString: 01*',Job-URPYHK,False,True,Default,Default,Default,Default,Default,1111,Empty,RyuJit,X64,8c5e7fda-e8bf-4a96-9a85-a6e23a8c635c,.NET 6.0,False,True,False,True,Default,Default,False,False,True,Default,Default,Default,Default,Default,.NET 6.0,Default,1,Default,Default,Default,Default,Default,Default,Default,Default,Default,16,Default,DotNetTips.Spargine.Core.BenchmarkTests,"Collections,Strings",100,701.7 μs,13.87 μs,33.23 μs,4.03 μs,634.2 μs,680.2 μs,693.9 μs,727.2 μs,790.8 μs,"1,425.1",13.87 μs,68.00,2.686,2.000,0.5574,1,*,No,30.2734,1 KB,14.6484,10.7422,283 KB
'StringExtensions.ToDelimitedString: 01*',Job-URPYHK,False,True,Default,Default,Default,Default,Default,1111,Empty,RyuJit,X64,8c5e7fda-e8bf-4a96-9a85-a6e23a8c635c,.NET 6.0,False,True,False,True,Default,Default,False,False,True,Default,Default,Default,Default,Default,.NET 6.0,Default,1,Default,Default,Default,Default,Default,Default,Default,Default,Default,16,Default,DotNetTips.Spargine.Core.BenchmarkTests,"Collections,Strings",500,695.3 μs,12.88 μs,20.80 μs,3.57 μs,647.1 μs,679.9 μs,697.7 μs,707.6 μs,738.3 μs,"1,438.2",12.88 μs,34.00,2.493,2.000,-0.1893,1,*,No,30.2734,1 KB,15.6250,10.7422,283 KB
'ToDelimitedString: 01**',Job-URPYHK,False,True,Default,Default,Default,Default,Default,1111,Empty,RyuJit,X64,8c5e7fda-e8bf-4a96-9a85-a6e23a8c635c,.NET 6.0,False,True,False,True,Default,Default,False,False,True,Default,Default,Default,Default,Default,.NET 6.0,Default,1,Default,Default,Default,Default,Default,Default,Default,Default,Default,16,Default,DotNetTips.Spargine.Core.BenchmarkTests,"Collections,Strings",2,787.5 μs,31.16 μs,90.41 μs,9.18 μs,645.5 μs,713.5 μs,775.1 μs,836.4 μs,"1,040.4 μs","1,269.9",31.16 μs,97.00,2.906,3.462,0.7332,2,*,No,20.5078,1 KB,11.7188,11.7188,253 KB
'ToDelimitedString: 01**',Job-URPYHK,False,True,Default,Default,Default,Default,Default,1111,Empty,RyuJit,X64,8c5e7fda-e8bf-4a96-9a85-a6e23a8c635c,.NET 6.0,False,True,False,True,Default,Default,False,False,True,Default,Default,Default,Default,Default,.NET 6.0,Default,1,Default,Default,Default,Default,Default,Default,Default,Default,Default,16,Default,DotNetTips.Spargine.Core.BenchmarkTests,"Collections,Strings",5,735.7 μs,20.93 μs,60.71 μs,6.16 μs,627.3 μs,688.8 μs,721.6 μs,767.8 μs,910.0 μs,"1,359.3",20.93 μs,97.00,2.981,2.276,0.7983,1,*,No,26.3672,1 KB,13.6719,10.7422,253 KB
'ToDelimitedString: 01**',Job-URPYHK,False,True,Default,Default,Default,Default,Default,1111,Empty,RyuJit,X64,8c5e7fda-e8bf-4a96-9a85-a6e23a8c635c,.NET 6.0,False,True,False,True,Default,Default,False,False,True,Default,Default,Default,Default,Default,.NET 6.0,Default,1,Default,Default,Default,Default,Default,Default,Default,Default,Default,16,Default,DotNetTips.Spargine.Core.BenchmarkTests,"Collections,Strings",10,719.6 μs,19.32 μs,55.75 μs,5.69 μs,626.6 μs,680.0 μs,711.6 μs,752.9 μs,873.4 μs,"1,389.6",19.32 μs,96.00,2.804,3.111,0.5751,1,*,No,27.3438,1 KB,16.6016,10.7422,253 KB
'ToDelimitedString: 01**',Job-URPYHK,False,True,Default,Default,Default,Default,Default,1111,Empty,RyuJit,X64,8c5e7fda-e8bf-4a96-9a85-a6e23a8c635c,.NET 6.0,False,True,False,True,Default,Default,False,False,True,Default,Default,Default,Default,Default,.NET 6.0,Default,1,Default,Default,Default,Default,Default,Default,Default,Default,Default,16,Default,DotNetTips.Spargine.Core.BenchmarkTests,"Collections,Strings",20,754.6 μs,25.87 μs,75.46 μs,7.62 μs,610.4 μs,693.2 μs,739.4 μs,804.7 μs,940.0 μs,"1,325.3",25.87 μs,98.00,2.836,2.643,0.7417,1,*,No,25.3906,1 KB,16.6016,10.7422,254 KB
'ToDelimitedString: 01**',Job-URPYHK,False,True,Default,Default,Default,Default,Default,1111,Empty,RyuJit,X64,8c5e7fda-e8bf-4a96-9a85-a6e23a8c635c,.NET 6.0,False,True,False,True,Default,Default,False,False,True,Default,Default,Default,Default,Default,.NET 6.0,Default,1,Default,Default,Default,Default,Default,Default,Default,Default,Default,16,Default,DotNetTips.Spargine.Core.BenchmarkTests,"Collections,Strings",25,745.1 μs,25.52 μs,74.05 μs,7.52 μs,616.9 μs,692.7 μs,735.2 μs,796.7 μs,932.5 μs,"1,342.1",25.52 μs,97.00,2.497,2.741,0.4567,1,*,No,26.3672,1 KB,15.6250,10.7422,253 KB
'ToDelimitedString: 01**',Job-URPYHK,False,True,Default,Default,Default,Default,Default,1111,Empty,RyuJit,X64,8c5e7fda-e8bf-4a96-9a85-a6e23a8c635c,.NET 6.0,False,True,False,True,Default,Default,False,False,True,Default,Default,Default,Default,Default,.NET 6.0,Default,1,Default,Default,Default,Default,Default,Default,Default,Default,Default,16,Default,DotNetTips.Spargine.Core.BenchmarkTests,"Collections,Strings",50,748.1 μs,27.25 μs,79.05 μs,8.03 μs,580.6 μs,687.7 μs,730.7 μs,797.9 μs,956.8 μs,"1,336.6",27.25 μs,97.00,2.886,2.357,0.5850,1,*,No,28.3203,1 KB,15.6250,10.7422,253 KB
'ToDelimitedString: 01**',Job-URPYHK,False,True,Default,Default,Default,Default,Default,1111,Empty,RyuJit,X64,8c5e7fda-e8bf-4a96-9a85-a6e23a8c635c,.NET 6.0,False,True,False,True,Default,Default,False,False,True,Default,Default,Default,Default,Default,.NET 6.0,Default,1,Default,Default,Default,Default,Default,Default,Default,Default,Default,16,Default,DotNetTips.Spargine.Core.BenchmarkTests,"Collections,Strings",75,718.0 μs,16.81 μs,47.69 μs,4.94 μs,627.6 μs,686.9 μs,712.7 μs,744.4 μs,836.6 μs,"1,392.8",16.81 μs,93.00,2.778,2.414,0.4393,1,*,No,26.3672,1 KB,14.6484,10.7422,254 KB
'ToDelimitedString: 01**',Job-URPYHK,False,True,Default,Default,Default,Default,Default,1111,Empty,RyuJit,X64,8c5e7fda-e8bf-4a96-9a85-a6e23a8c635c,.NET 6.0,False,True,False,True,Default,Default,False,False,True,Default,Default,Default,Default,Default,.NET 6.0,Default,1,Default,Default,Default,Default,Default,Default,Default,Default,Default,16,Default,DotNetTips.Spargine.Core.BenchmarkTests,"Collections,Strings",100,739.2 μs,24.17 μs,69.74 μs,7.12 μs,630.6 μs,687.1 μs,722.1 μs,772.4 μs,904.6 μs,"1,352.8",24.17 μs,96.00,2.529,2.438,0.6805,1,*,No,27.3438,1 KB,18.5547,10.7422,254 KB
'ToDelimitedString: 01**',Job-URPYHK,False,True,Default,Default,Default,Default,Default,1111,Empty,RyuJit,X64,8c5e7fda-e8bf-4a96-9a85-a6e23a8c635c,.NET 6.0,False,True,False,True,Default,Default,False,False,True,Default,Default,Default,Default,Default,.NET 6.0,Default,1,Default,Default,Default,Default,Default,Default,Default,Default,Default,16,Default,DotNetTips.Spargine.Core.BenchmarkTests,"Collections,Strings",500,741.3 μs,22.65 μs,64.61 μs,6.66 μs,635.9 μs,690.6 μs,725.4 μs,778.8 μs,914.1 μs,"1,349.0",22.65 μs,94.00,2.637,2.690,0.6991,1,*,No,28.3203,1 KB,18.5547,10.7422,253 KB
BytesToString,Job-URPYHK,False,True,Default,Default,Default,Default,Default,1111,Empty,RyuJit,X64,8c5e7fda-e8bf-4a96-9a85-a6e23a8c635c,.NET 6.0,False,True,False,True,Default,Default,False,False,True,Default,Default,Default,Default,Default,.NET 6.0,Default,1,Default,Default,Default,Default,Default,Default,Default,Default,Default,16,Default,DotNetTips.Spargine.Core.BenchmarkTests,"Collections,Strings",2,"3,478.8 μs",68.79 μs,129.21 μs,19.48 μs,"3,195.2 μs","3,393.8 μs","3,461.5 μs","3,567.2 μs","3,737.1 μs",287.5,68.79 μs,44.00,2.378,2.000,0.2301,3,*,No,464.8438,1 KB,183.5938,74.2188,"4,376 KB"
BytesToString,Job-URPYHK,False,True,Default,Default,Default,Default,Default,1111,Empty,RyuJit,X64,8c5e7fda-e8bf-4a96-9a85-a6e23a8c635c,.NET 6.0,False,True,False,True,Default,Default,False,False,True,Default,Default,Default,Default,Default,.NET 6.0,Default,1,Default,Default,Default,Default,Default,Default,Default,Default,Default,16,Default,DotNetTips.Spargine.Core.BenchmarkTests,"Collections,Strings",5,"3,608.6 μs",71.96 μs,154.91 μs,20.70 μs,"3,341.5 μs","3,475.2 μs","3,608.4 μs","3,717.0 μs","3,897.1 μs",277.1,71.96 μs,56.00,1.908,2.889,0.2170,3,*,No,476.5625,1 KB,191.4063,74.2188,"4,376 KB"
BytesToString,Job-URPYHK,False,True,Default,Default,Default,Default,Default,1111,Empty,RyuJit,X64,8c5e7fda-e8bf-4a96-9a85-a6e23a8c635c,.NET 6.0,False,True,False,True,Default,Default,False,False,True,Default,Default,Default,Default,Default,.NET 6.0,Default,1,Default,Default,Default,Default,Default,Default,Default,Default,Default,16,Default,DotNetTips.Spargine.Core.BenchmarkTests,"Collections,Strings",10,"3,684.1 μs",73.55 μs,189.85 μs,21.50 μs,"3,372.8 μs","3,558.1 μs","3,669.6 μs","3,789.2 μs","4,164.8 μs",271.4,73.55 μs,78.00,2.537,2.000,0.4229,3,*,No,476.5625,1 KB,203.1250,74.2188,"4,376 KB"
BytesToString,Job-URPYHK,False,True,Default,Default,Default,Default,Default,1111,Empty,RyuJit,X64,8c5e7fda-e8bf-4a96-9a85-a6e23a8c635c,.NET 6.0,False,True,False,True,Default,Default,False,False,True,Default,Default,Default,Default,Default,.NET 6.0,Default,1,Default,Default,Default,Default,Default,Default,Default,Default,Default,16,Default,DotNetTips.Spargine.Core.BenchmarkTests,"Collections,Strings",20,"3,586.1 μs",71.48 μs,183.23 μs,20.88 μs,"3,287.1 μs","3,436.5 μs","3,582.6 μs","3,689.4 μs","4,043.5 μs",278.9,71.48 μs,77.00,2.779,2.815,0.7079,3,*,No,453.1250,1 KB,187.5000,70.3125,"4,376 KB"
BytesToString,Job-URPYHK,False,True,Default,Default,Default,Default,Default,1111,Empty,RyuJit,X64,8c5e7fda-e8bf-4a96-9a85-a6e23a8c635c,.NET 6.0,False,True,False,True,Default,Default,False,False,True,Default,Default,Default,Default,Default,.NET 6.0,Default,1,Default,Default,Default,Default,Default,Default,Default,Default,Default,16,Default,DotNetTips.Spargine.Core.BenchmarkTests,"Collections,Strings",25,"3,575.2 μs",70.16 μs,124.72 μs,19.72 μs,"3,365.4 μs","3,478.6 μs","3,567.3 μs","3,648.7 μs","3,827.7 μs",279.7,70.16 μs,40.00,2.247,2.000,0.3054,3,*,No,460.9375,1 KB,187.5000,70.3125,"4,376 KB"
BytesToString,Job-URPYHK,False,True,Default,Default,Default,Default,Default,1111,Empty,RyuJit,X64,8c5e7fda-e8bf-4a96-9a85-a6e23a8c635c,.NET 6.0,False,True,False,True,Default,Default,False,False,True,Default,Default,Default,Default,Default,.NET 6.0,Default,1,Default,Default,Default,Default,Default,Default,Default,Default,Default,16,Default,DotNetTips.Spargine.Core.BenchmarkTests,"Collections,Strings",50,"3,528.8 μs",69.53 μs,163.89 μs,20.17 μs,"3,238.5 μs","3,395.3 μs","3,500.2 μs","3,642.6 μs","3,860.2 μs",283.4,69.53 μs,66.00,2.236,2.486,0.4926,3,*,No,464.8438,1 KB,187.5000,74.2188,"4,376 KB"
BytesToString,Job-URPYHK,False,True,Default,Default,Default,Default,Default,1111,Empty,RyuJit,X64,8c5e7fda-e8bf-4a96-9a85-a6e23a8c635c,.NET 6.0,False,True,False,True,Default,Default,False,False,True,Default,Default,Default,Default,Default,.NET 6.0,Default,1,Default,Default,Default,Default,Default,Default,Default,Default,Default,16,Default,DotNetTips.Spargine.Core.BenchmarkTests,"Collections,Strings",75,"3,539.2 μs",70.29 μs,109.44 μs,19.35 μs,"3,348.9 μs","3,483.7 μs","3,545.5 μs","3,622.3 μs","3,738.0 μs",282.6,70.29 μs,32.00,2.108,2.923,-0.2415,3,*,No,460.9375,1 KB,199.2188,70.3125,"4,376 KB"
BytesToString,Job-URPYHK,False,True,Default,Default,Default,Default,Default,1111,Empty,RyuJit,X64,8c5e7fda-e8bf-4a96-9a85-a6e23a8c635c,.NET 6.0,False,True,False,True,Default,Default,False,False,True,Default,Default,Default,Default,Default,.NET 6.0,Default,1,Default,Default,Default,Default,Default,Default,Default,Default,Default,16,Default,DotNetTips.Spargine.Core.BenchmarkTests,"Collections,Strings",100,"3,626.7 μs",71.45 μs,152.26 μs,20.53 μs,"3,386.0 μs","3,502.1 μs","3,598.7 μs","3,730.9 μs","3,966.6 μs",275.7,71.45 μs,55.00,2.282,2.000,0.5462,3,*,No,468.7500,1 KB,199.2188,70.3125,"4,376 KB"
BytesToString,Job-URPYHK,False,True,Default,Default,Default,Default,Default,1111,Empty,RyuJit,X64,8c5e7fda-e8bf-4a96-9a85-a6e23a8c635c,.NET 6.0,False,True,False,True,Default,Default,False,False,True,Default,Default,Default,Default,Default,.NET 6.0,Default,1,Default,Default,Default,Default,Default,Default,Default,Default,Default,16,Default,DotNetTips.Spargine.Core.BenchmarkTests,"Collections,Strings",500,"3,618.3 μs",71.19 μs,133.72 μs,20.16 μs,"3,379.6 μs","3,518.7 μs","3,608.0 μs","3,694.1 μs","3,941.7 μs",276.4,71.19 μs,44.00,2.826,2.000,0.4379,3,*,No,464.8438,1 KB,195.3125,74.2188,"4,376 KB"
